,228,,(debilidad),(accion de mejora),,,,,Indicador 1,,,,Indicador 2,,,,,Indicador 1,,,,Indicador 2,,,,,Indicador 1,,,,Indicador 2,,,,,Indicador 3,,,,,Indicador 1,,,,,Indicador 1,,,,,Indicador 1,,,,HITO 1,,,HITO 2,,,HITO 3,,,HITO 4,,,HITO 5,,,HITO 6,,,HITO 7,,,HITO 8,,,HITO 9,,,HITO 10,,,Medio Verificación 1,,,,,,Medio_verificacion_2,,,,,Medio Verificación 3,,,,,Medio_verificacion_4,,,,,Medio_verificacion_5,,,,,Medio Verificación 6,,,,,,,Medio Verificación 7,,,,,,
Área,ID_Accion,Responsable,Título,Objetivo,Tipo, Presupuesto ,Acreditacion,Función 1 (ambito),Nombre,Fórmula,Meta,Verificador asociado,Nombre,Fórmula,Meta,Verificador asociado,Función 2,Nombre,Fórmula,Meta,Verificador asociado,Nombre,Fórmula,Meta,Verificador asociado,Función 3,Nombre,Fórmula,Meta,Verificador asociado,Nombre,Fórmula,Meta,Verificador asociado,Función 4,Nombre,Fórmula,Meta,Verificador asociado,Función 5,Nombre,Fórmula,Meta,Verificador asociado,Función 6,Nombre,Fórmula,Meta,Verificador asociado,Función 7,Nombre,Fórmula,Meta,Verificador asociado,Nombre_X,Descripción_X,Plazo,Nombre_X,Descripción_X,Plazo,Nombre_X,Descripción_X,Plazo,Nombre_X,Descripción_X,Plazo,Nombre_X,Descripción_X,Plazo,Nombre_X,Descripción_X,Plazo,Nombre_X,Descripción_X,Plazo,Nombre_X,Descripción_X,Plazo,Nombre_X,Descripción_X,Plazo,Nombre_X,Descripción_X,Plazo,Nombre,Criterio_1,Criterio _2,Criterio_3,Criterio_4,Criterio_5,Nombre,Criterio_1,Criterio _2,Criterio_3,Criterio_4,Nombre,Criterio_1,Criterio _2,Criterio_3,Criterio_4,Nombre,Criterio_1,Criterio _2,Criterio_3,Criterio_4,Nombre,Criterio_1,Criterio _2,Criterio_3,Criterio_4,Nombre,Criterio_1,Criterio _2,Criterio_3,Criterio_4,Criterio_5,Criterio_6,Nombre,Criterio_1,Criterio _2,Criterio_3,Criterio_4,Criterio_5,Criterio_6
DVCM,PMI-1,COM,"Los estamentos académico y del personal de colaboración perciben que la estructura organizacional no es suficiente para el cumplimiento de los propósitos institucionales, según el actual estado de desarrollo y desafíos de la universidad.",Diseñar y ejecutar un plan de socialización que permita mejorar la percepción de los estamentos de personal de colaboración y académico respecto de la estructura organizacional.,Gestión Institucional,,SI,Estructura y organización institucional,"Percepción de los estamentos de personal de colaboración y académico con respecto a la consulta ""la estructura organizacional de la Universidad permite dar cumplimiento efectivo y eficiente a los propósitos y valores institucionales"".","Sumatoria de los % de percepción de los niveles ""de acuerdo"" y ""muy de acuerdo"".",50%,Plan de Socialización de la Estructura organizacional.,,,,,,,,,,,,,,,,,,,,,,,,,,,,,,,,,,,,,,,,,,,"Realizar un estudio de percepción respecto a la pertinencia de la estructura organizacional actual, en relación a los desafíos presentes y futuros de la institución.",,dic-22,"Diseñar un plan de socialización de la estructura organizacional actual, de las funciones de cada una de las unidades funcionales y procesos institucionales, incorporando los comités/comisiones vigentes.",,dic-23,Ejecutar el plan de socialización de la Estructura organizacional.,,dic-23,Ejecutar el plan de socialización de la estructura organizacional.,45627,dic-24,Aplicar instrumento de evaluación de percepción de la estructura organizacional a los estamentos de personal de colaboración y académico.,45992,dic-25,,,,,,,,,,,,,,,,Informe de resultados del estudio de percepción con la respectiva priorización institucional.,,,,,,Plan de socialización de la Estructura organizacional.,,,,,Informe de avance de la ejecución del plan de socialización de la Estructura organizacional.,,,,,Informe de avance de la ejecución del plan de socialización de la Estructura organizacional.,,,,,Informe de resultado de la aplicación del estudio de percepción y su análisis comparativo con el resultado del año 1.,,,,,,,,,,,,,,,,,,
REC,PMI-2,GAB,No existen mecanismos de comunicación estratégica que favorezcan el desarrollo del sistema de gobierno y la toma de decisiones.,Formalizar mecanismo (s) de comunicación estratégica que favorezcan el desarrollo del sistema de gobierno y la toma de decisiones.,Gestión Institucional,,SI,Sistema de gobierno.,Número de mecanismo(s) de comunicación estratégica formalizado (s).,Sumatoria mecanismo (s) de comunicación estratégica formalizado (s).,1,Decreto que formaliza mecanismo (s).,,,,,,,,,,,,,,,,,,,,,,,,,,,,,,,,,,,,,,,,,,,Realizar un diagnóstico de las capacidades instaladas y necesidades de la Universidad en materia de comunicación estratégica.,,dic-22,Elaborar propuesta de estrategía(s) a aplicar en materia de comunicación estratégica.,,dic-22,Elaborar mecanismo(s) de comunicación estratégica a nivel de sistema de gobierno.,,dic-23,Socializar estrategias y mecanismo(s) de comunicación estratégica.,,dic-23,,,,,,,,,,,,,,,,,,,Informe de resultados del diagnóstico en comunicación estratégica.,,,,,,Informe que describe la propuesta de estrategia(s) en el ámbito.,,,,,Decreto que formaliza mecanismo(s).,,,,,Plan de Socialización de estrategias y mecanismo (s) de comunicación estratégica.,,,,,,,,,,,,,,,,,,,,,,,
DPAC,PMI-3,PCI,"Mecanismos incipientes de seguimiento y actualización del Plan Estratégico de Desarrollo Institucional, cuya retroalimentación se basa principalmente en la actualización de los indicadores estratégicos.","Aplicar mecanismo(s) de elaboración, seguimiento y actualización del Plan Estratégico de Desarrollo Institucional.",Gestión Institucional,,SI,Planificación Estratégica.,Mecanismos formalizados,Sumatoria de los mecanismos formalizados,3,Decreto que formaliza mecanismo (s).,,,,,,,,,,,,,,,,,,,,,,,,,,,,,,,,,,,,,,,,,,,"Diseñar, aplicar y socializar mecanismo(s) para el seguimiento y actualizacion del PEDI 2019-2023",,dic-22,"Diseñar mecanismos de elaboración, seguimiento y actualización del PEDI. ",,dic-23,Aplicar y formalizar mecanismo para la elaboración del PEDI,,dic-23,Aplicar y formalizar los mecanismos para el seguimiento del PEDI,,dic-24,Aplicar y formalizar mecanismos para la actualización del PEDI,,dic-26,,,,,,,,,,,,,,,,Reporte de seguimiento y propuesta de ajuste del PEDI 2019 - 2023.,,,,,,Decreto que formaliza el mecanismo de elaboración del PEDI.,,,,,Decreto que formaliza el mecanismo de seguimiento del PEDI.,,,,,Decreto que formaliza el mecanismo de actualización del PEDI.,,,,,,,,,,,,,,,,,,,,,,,
DPAC,PMI-4,PCI,Insuficiente articulación entre la planificación operativa anual con el desarrollo de los distintos proyectos institucionales repercutiendo en temáticas de coordinación y ejecución presupuestaria. Faltan mecanismos que permitan sistemáticamente informar a la comunidad universitaria sobre la evaluación y ejecución de los proyectos institucionales.,Formalizar mecanismo(s) que permitan la gestión articulada entre la planificación operativa y los proyectos institucionales.,Gestión Institucional,,SI,Planificación Estratégica.,Porcentaje anual de mecanismos formalizados.,(Número de mecanismos formalizados y socializados en el año t /total de mecanismos formalizados en el año t)*100.,50%,Decreto que formaliza mecanismo (s).,,,,,,,,,,,,,,,,,,,,,,,,,,,,,,,,,,,,,,,,,,,Documentar y validar los procesos que sustentan la articulación entre la planificación operativa y los proyectos institucionales.,,dic-22,Realizar capacitaciones para enseñar cómo implementar los mecanismos validados de los procesos que sustentan la articulación entre la planificación operativa y los proyectos institucionales.,,dic-23,,,,,,,,,,,,,,,,,,,,,,,,,Fichas de validación de procesos.,,,,,,Lista de asistencia de las capacitaciones.,,,,,,,,,,,,,,,,,,,,,,,,,,,,,,,,,
DAF,PMI-5,DP,"Falta de mecanismos que permitan la estandarización y gestión integrada de perfiles de cargos que especifique las funciones, roles y responsabilidades de los estamentos de personal de colaboración y académico, que permitan operacionalizar sus procesos de perfeccionamiento.","Revisar, mejorar y formalizar los perfiles de cargos de los estamentos del personal de colaboración y académico.",Gestión Institucional,,SI,Gestión de personas,Manual de cargos y funciones actualizado.,n/a,1,Decreto que formaliza el Manual de cargos y funciones.,,,,,,,,,,,,,,,,,,,,,,,,,,,,,,,,,,,,,,,,,,,Validar los perfiles de cargos .,,dic-22,Revisar y actualizar los perfiles de cargo.,,dic-25,,,,,,,,,,,,,,,,,,,,,,,,,Decreto que formaliza el Manual de cargos y funciones.,,,,,,Decreto que actualiza el Manual de cargos y funciones.,,,,,,,,,,,,,,,,,,,,,,,,,,,,,,,,,
DAF,PMI-6,DP,Los procesos de inducción actuales son insuficientes para socializar adecuadamente los diferentes mecanismos y procesos que rigen el quehacer del desarrollo de las personas en la institución.,Fortalecer el proceso de inducción que permita difundir el quehacer universitario.,Gestión Institucional,,SI,Gestión de personas,Porcentaje anual de personas que participan en  el proceso de inducción de acuerdo al protocolo.,(Número de personas que participan en el proceso de inducción de acuerdo al protocolo en el año t / Número de personas que ingresan a la institución en el año t)*100,100%,Decreto que formaliza el protocolo de inducción institucional,,,,,,,,,,,,,,,,,,,,,,,,,,,,,,,,,,,,,,,,,,,Mejorar la propuesta de protocolo de inducción institucional.,,dic-22,Formalizar protocolo de inducción.,,dic-23,Diseñar un plan de mejora de implementación del proceso de inducción.,,dic-23,Ejecutar el plan de implementación del proceso de inducción.,,dic-23,,,,,,,,,,,,,,,,,,,Protocolo de inducción institucional.,,,,,,Protocolo formalizado.,,,,,Plan de mejora Implementación del proceso de inducción.,,,,,Registro de inducciones a los estamentos académico y personal de colaboración.,,,,,,,,,,,,,,,,,,,,,,,
DAF,PMI-7,DP,"Falta una proyección de instalación de capital humano en base a los procesos institucionales, en que la dotación de personal tanto del estamento académico, como el de personal de colaboración se integre a los procesos de planificación institucional y al ámbito presupuestario.",Desarrollar un mecanismo  de proyección de instalación de capital humano en base al desarrollo de la estructura organizacional.,Gestión Institucional,,SI,Gestión de personas,Mecanismo formalizado,n/a,1,Decreto que formaliza mecanismo de proyección de capital humano.,,,,,,,,,,,,,,,,,,,,,,,,,,,,,,,,,,,,,,,,,,,Definir proyección de capital humano con alcance a 5 años según la estructura organizacional vigente.,,dic-23,Evaluar los requerimientos de capital humano proyectados.,,dic-24,Ajustar el mecanismo  de proyección.,,dic-24,Formalizar mecanismo de proyección de capital humano.,,dic-25,,,,,,,,,,,,,,,,,,,Mecanismo de proyeccion propuesto,,,,,,Mecanismo formalizado,,,,,,,,,,,,,,,,,,,,,,,,,,,,,,,,,
DAF,PMI-8,DP,"Falta de un mecanismo integrado entre los procesos, optimización normativa y modernización tecnológica del ciclo completo de trayectoria de los y las funcionarios/as en la institución (selección, contratación, remuneraciones, desarrollo, evaluación, movilidad y desvinculación).",Ajustar los procesos y normativas que permitan la implementación de un  sistema Informático como soporte  de los procesos de gestión de personas y al ciclo laboral de los/as funcionarios/as.,Gestión Institucional,,SI,Gestión de personas,Porcentaje anual de módulos del sistema Informático ERP de procesos de gestión de personas.,(Número de módulos operativos en el año t / número de módulos planificados en el año t)*100,100%,Acta de cierre del proyecto de implementación del sistema Informático de gestión de personas.,,,,,,,,,,,,,,,,,,,,,,,,,,,,,,,,,,,,,,,,,,,Mejorar los procesos de gestión de personas.,,dic-22,Mejorar normativa asociada a la contratación y remuneraciones del personal de colaboración.,,dic-22,Desplegar y evaluar normativa asociada al perfeccionamiento,,dic-23,Revisar y mejorar normativa asociada a la calificación del personal de la institución.,,dic-23,Evaluar y seleccionar sistema informático para la digitalización de procesos de gestión de personas.,,dic-23,Priorizar e implementar módulos críticos de sistema informático para la gestión de personas.,,dic-23,Desarrollar la segunda etapa de implementación de sistema informático para la gestión de personas.,,dic-24,1ra mantención del sistema informático para la gestión de personas.,,dic-25,2da mantención del sistema informático para la gestión de personas.,,jun-26,,,,Fichas de validación de procesos.,,,,,,Normativa mejorada.,,,,,Informe técnico de selección del sistema informático ERP.,,,,,Acta de cierre y entrega de los módulos priorizados del ERP en gestión de personas.,,,,,Orden de Compra.,,,,,,,,,,,,,,,,,,
DAF,PMI-9,DP,"Estrategias insuficientes para la atracción de nuevos talentos en las áreas de docencia, investigación, vinculación con el medio y gestión, para desarrollar las funciones de la estructura que permitan alcanzar los propósitos institucionales.","Implementar estrategias que promuevan la atracción de talentos en las áreas de docencia, investigación, vinculación con el medio  y gestión.",Gestión Institucional,,SI,Gestión de personas,Porcentaje de avance anual de las acciones definidas en las estrategias que promueven la atracción de talentos.,(Número de acciones ejecutadas en el año t / número de acciones planificadas en el año t)*100,80%,Informe de estrategias que promueven la atracción de talentos.,,,,,,,,,,,,,,,,,,,,,,,,,,,,,,,,,,,,,,,,,,,"Constituir comisión para diseñar estrategias en materia de incentivos, perfeccionamiento y difusión de concursos que promuevan la incorporación de talentos.",,dic-22,Elaborar un plan de trabajo de la comisión.,,dic-23,"Ejecutar plan de trabajo para la comisión que considere las materias de incentivo, perfeccionamiento y difusión de concursos que promuevan la incorporación de talentos",,dic-23,Sintetizar las estrategias que promuevan la atracción de talentos.,,dic-24,,,,,,,,,,,,,,,,,,,Decreto que formaliza la comisión,,,,,,Plan de trabajo para la comisión,,,,,Informe de estrategias para la atracción de talentos,,,,,,,,,,,,,,,,,,,,,,,,,,,,
DAF,PMI-10,INSG,"La infraestructura disponible asociada a espacios de servicios, recreación y de esparcimiento es insuficiente para las necesidades de la comunidad universitaria, y esta no ha podido ser aprovisionada por la oferta de arriendos local.",Implementar una serie de estrategias conducentes a abordar necesidades críticas de mejoramiento de infraestructura en el corto y mediano plazo.,Gestión Institucional,,SI,Infraestructura y gestión del abastecimiento,Porcentaje de la comunidad universitaria que evalúa satisfactoriamente las mejoras en infraestructura.,(Número de encuestados que evalúan satisfactoriamente las mejoras en infraestructura en el año t/ número total de encuestados en el año t) * 100.,75%,Resultados de encuestas de percepción respecto a mejoramiento de infraestructura universitaria.,,,,,,,,,,,,,,,,,,,,,,,,,,,,,,,,,,,,,,,,,,,Definir estrategias para fortalecer la infraestructura universitaria en base a diagnostico y priorizacion de mejoras.,,dic-22,Realizar el desarrollo de obras del Campus Río Coyhaique.,,dic-23,Diseñar y construir instalaciones modulares y/o similares del Campus Río Coyhaique para la satisfacción de necesidades priorizadas.,,dic-23,Explorar y desarrollar (si aplica) estrategias de inversión en la ciudad para satisfacer necesidades priorizadas.,,dic-23,Mejorar la utilización de los espacios universitarios para priorizar necesidades misionales,,dic-24,Evaluar la percepción de actores clave respecto a mejoramiento en infraestructura.,,dic-24,,,,,,,,,,,,,"Informe diagnóstico sobre necesidades de mejoras inmediatas de infraestructura, incluyendo valorización y priorización.",,,,,,Documentación administrativa asociada a nuevas instalaciones y a su despliegue.,,,,,Resultados de encuestas de percepción respecto a mejoramiento de infraestructura universitaria.,,,,,,,,,,,,,,,,,,,,,,,,,,,,
DAF,PMI-11,INSG,"Mecanismos incipientes y poco integrados que permitan la identificación, planificación, evaluación y actualización de la infraestructura y equipamiento para el desarrollo de las actividades académicas y de gestión.","Gestionar mecanismos que permitan la identificación, disposición, planificación, evaluación y actualización de la infraestructura y equipamiento.",Gestión Institucional,,SI,Infraestructura y gestión del abastecimiento,Plan Maestro Institucional actualizado.,n/a,1,Plan Maestro Institucional actualizado.,,,,,,,,,,,,,,,,,,,,,,,,,,,,,,,,,,,,,,,,,,,Documentar proceso de requerimiento y gestión de infraestructura.,,dic-22,Diseñar y aplicar una mejora sobre la metodología de gestión integral de necesidades institucionales de infraestructura.,,dic-23,Actualizar instancia de coordinación asociada a la infraestructura.,,dic-23,Actualizar el diseño del Plan Maestro según la aplicación de la metodología.,,dic-24,,,,,,,,,,,,,,,,,,,Ficha de validación de procesos,,,,,,Informe que describe la metodologia,,,,,Decreto que formaliza la instancia,,,,,Plan Maestro actualizado,,,,,,,,,,,,,,,,,,,,,,,
DAF,PMI-12,ADQ,"Procesos de gestión de abastecimiento no optimizado, dificultando la instalación de capacidades de coordinación en las áreas de compras, inventarios, bodega y control de existencias.",Evaluar e incorporar mejoras a los procesos de gestión de abastecimiento.,Gestión Institucional,,SI,Infraestructura y gestión del abastecimiento,Proceso de abastecimiento formalizado.,n/a,1,Proceso de abastecimiento formalizado,,,,,,,,,,,,,,,,,,,,,,,,,,,,,,,,,,,,,,,,,,,Diseñar procesos de gestión de abastecimiento orientados a mejorar las adquisiciones.,,dic-22,Socializar y capacitar a usuarios/as de los procesos en gestión de abastecimiento mejorados.,,dic-23,Ajustar el reglamento de adquisiciones de bienes y servicios.,,dic-23,Definir estrategias de implementación de las mejoras al proceso de gestión de abastecimiento institucional.,,dic-24,,,,,,,,,,,,,,,,,,,Ficha de procesos de gestión de abastecimientos diseñado y validado.,,,,,,Listado de asistencia a instancias de socialización y/o capacitación,,,,,Nuevo reglamento de adquisición de bienes y servicios institucionales.,,,,,Informe de declaración de estrategias.,,,,,,,,,,,,,,,,,,,,,,,
DAF,PMI-13,FIN,"Proyección financiera institucional que requiere profundizar en un análisis de criterios consecuentes con la realidad académica y contextual de la Institución, según los propósitos institucionales e iniciativas específicas que deriven de ello.",Generar  una metodología con enfoque participativo y sistemático para enriquecer la proyección financiera.,Gestión Institucional,,SI,Gestión financiera y contable,Metodología formalizada asociada a la proyección financiera.,n/a,1,Metodología de la proyección financiera institucional.,,,,,,,,,,,,,,,,,,,,,,,,,,,,,,,,,,,,,,,,,,,Generar la metodología para enriquecer la proyección financiera.,,dic-22,Diseñar los instrumentos que operacionalizan la metodología,,dic-23,Generar la proyección financiera basada en las nuevas definiciones.,,dic-23,Evaluar los resultados,,dic-24,Mejorar el diseño del instrumento y la metodologia utilizada,,dic-24,,,,,,,,,,,,,,,,Metodologia de la proyeccion financiera,,,,,,Instrumentos metodologicos,,,,,Informe anual de la Proyeccion Financiera,,,,,,,,,,,,,,,,,,,,,,,,,,,,
DAF,PMI-14,FIN,"Inexistencia de un sistema automatizado e integrado a la gestión de información que permita registrar, procesar, analizar y comunicar información clave para la gestión financiera y contable.",Implementar un  sistema Informático como soporte  de los procesos financieros y contables.,Gestión Institucional,,SI,Gestión financiera y contable,Porcentaje anual de módulos del sistema Informático ERP de procesos financieros y contables.,(Número de módulos operativos en el año t / número de módulos planificados en el año t)*100.,100%,Acta de cierre del proyecto de implementación del sistema Informático de gestión financiera y contable.,,,,,,,,,,,,,,,,,,,,,,,,,,,,,,,,,,,,,,,,,,,Implementar módulos priorizados de los procesos financieros y contables del ERP,,dic-24,Puesta en marcha del sistema informático ERP de procesos financieros y contables.,,dic-24,Mantención del Sistema ERP.,,dic-25,Mantención del Sistema ERP.,,jun-26,,,,,,,,,,,,,,,,,,,Acta de cierre y entrega de los módulos priorizados del ERP en procesos financieros y contables.,,,,,,Orden de compra,,,,,,,,,,,,,,,,,,,,,,,,,,,,,,,,,
DAF,PMI-15,FIN,"No se han formalizado estrategias que posibiliten instaurar fuentes de ingreso diversas y significativas, que apoyen al desarrollo institucional como complemento al aporte estatal directo.","Diseñar, implementar y evaluar el Plan Económico Institucional.",Gestión Institucional,,SI,Gestión financiera y contable,Plan Económico Institucional.,n/a,1,Plan Económico Institucional.,,,,,,,,,,,,,,,,,,,,,,,,,,,,,,,,,,,,,,,,,,,Diseñar el Plan Económico Institucional incorporando la gestión de ingresos.,,dic-22,Evaluar las acciones definidas en el Plan Económico Institucional.,,dic-23,Monitorear las mejoras en las acciones del Plan Económico Institucional.,,dic-23,,,,,,,,,,,,,,,,,,,,,,Plan Económico institucional,,,,,,Informe de cumplimiento del Plan Económico Institucional,,,,,,,,,,,,,,,,,,,,,,,,,,,,,,,,,
DAF,PMI-16,AI,Desconocimiento en la comunidad universitaria sobre el ecosistema de reportes disponibles para la toma de decisiones basadas en el conocimiento.,"Diseñar, implementar y evaluar un Plan de Difusión y capacitación del ecosistema de reportes de información institucional.",Gestión Institucional,,SI,Gestión de la información y análisis institucional,Porcentaje de ejecución del Plan de Difusión y capacitación del Ecosistema de reportes información institucional.,(Número de actividades ejecutadas del Plan de Difusión y capacitación del ecosistema de reportes/Número de actividades definidas en el Plan de Difusión y capacitación del ecosistema de reportes) * 100.,85%,Informe del Plan de Difusión y capacitación del ecosistema de reportes de información institucional.,,,,,,,,,,,,,,,,,,,,,,,,,,,,,,,,,,,,,,,,,,,Diseñar un Plan de Difusión y capacitación.,,dic-22,Diseñar el instrumento para la evaluación anual de la percepción de la calidad del ecosistema de reportes e indicadores institucionales.,,dic-22,Socializar productos y reportes desarrollados en plataforma Sistema de Análisis Institucional.,,dic-23,Evaluar la percepción de la calidad de los reportes alojados en la plataforma Sistema de Análisis Institucional.,,dic-23,Capacitar en el uso de las herramientas y reportes.,,dic-23,Mejorar los reportes en base a los resultados de la percepción de la calidad de la información de los reportes alojado en la plataforma de sistema de análisis institucional.,,dic-24,,,,,,,,,,,,,Plan de Difusión y capacitación del ecosistema de reportes.,,,,,,Instrumento de medición de la calidad de reportes Sistema de Análisis Institucional validado.,,,,,Resultados de la evaluación de percepción de la calidad de reportes del Sistema de Análisis Institucional.,,,,,Plan de Difusión y capacitación ejecutado de acuerdo a la estrategia planificada.,,,,,Ecosistema de reportes ajustado a los resultados de la medición de percepción de la calidad de información de los reportes desarrollados.,,,,,,,,,,,,,,,,,,
DPAC,PMI-17,AI,"Falta de mecanismos para la gobernanza de datos en ámbitos institucionales específicos, que contribuyan a la toma de decisiones en cuanto a proyección académica, infraestructura, personal, entre otros.",Desarrollar mecanismos integrados para el gobierno de datos Institucional.,Gestión Institucional,,SI,Gestión de la información y análisis institucional,Formalización de mecanismos que regulen el gobierno de datos Institucional.,n/a,1,Decreto que formaliza el mecanismo que regula el gobierno de datos Institucional.,,,,,,,,,,,,,,,,,,,,,,,,,,,,,,,,,,,,,,,,,,,"Diagnosticar las brechas institucionales respecto a gobernanza de datos, estandarización de procesos de gestión de información y necesidades de sistemas informáticos en gestión académica.",,dic-22,Elaborar un modelo de gestión de información para dar soporte a la toma de decisiones institucionales.,,dic-23,Implementar piloto de sistema de Inteligencia de Negocios para la generación eficiente de información institucional que favorezca la toma de decisiones.,,dic-24,,,,,,,,,,,,,,,,,,,,,,Informe del diagnóstico elaborado.,,,,,,Modelo de gestión de información elaborado,,,,,Sistema de Inteligencia de Negocios piloto implementado.,,,,,Informe de resultados de operacionalización del sistema de Inteligencia de Negocios.,,,,,,,,,,,,,,,,,,,,,,,
DPAC,PMI-18,AI,"Los estamentos académico y de personal de colaboración, perciben que los sistemas informáticos no colaboran adecuadamente para la gestión académica.",Sistematizar las necesidades de los sistemas informáticos asociados a la gestión académica.,Gestión Institucional,,SI,Gestión de la información y análisis institucional,Informe de necesidades sistematizadas y propuesta de solución asociadas a los sistemas informáticos para la gestión académica.,n/a,1,Informe de necesidades sistematizadas y propuesta de solución.,,,,,,,,,,,,,,,,,,,,,,,,,,,,,,,,,,,,,,,,,,,"Diagnosticar las brechas institucionales respecto a gobernanza de datos, estandarización de procesos de gestión de información y necesidades de sistemas informáticos en gestión académica.",,dic-22,Incorporar y verificar que las necesidades identificadas en el diagnóstico se encuentren incorporadas en el Plan Estratégico de Desarrollo Institucional y/o sus mecanismos de planificación asociados.,,dic-23,,,,,,,,,,,,,,,,,,,,,,,,,Diagnostico elaborado,,,,,,Plan Estratégico de Desarrollo Institucional que incorpora necesidades identificadas,,,,,,,,,,,,,,,,,,,,,,,,,,,,,,,,,
DPAC,PMI-19,GC,"Ausencia de procesos de gestión del cambio que apoyen la transición hacia la cultura orientada a la calidad y el mejoramiento continuo en la institución, en concordancia con los propósitos institucionales. Falta una estrategia de comunicación interna de los procesos, sistemas e instancias de gestión de la calidad, logros alcanzados y oportunidades de mejora, dirigidas a la comunidad universitaria.",Implementar una estrategia en gestión del cambio que contribuya a la instalación de una cultura de calidad y al mejoramiento continuo en la institución.,Gestión Institucional,,SI,Aseguramiento de la calidad ,Número de iniciativas realizadas anualmente que abordan la gestión del cambio que contribuya a la instalación de una cultura de calidad y al mejoramiento continuo en la institución.,Sumatoria de las actividades que abordan la gestión del cambio a nivel institucional en el año t.,8,Informe de la implementación del Plan Institucional para la gestión del cambio que contribuya a la instalación de una cultura de calidad y al mejoramiento continuo en la institución.,,,,,,,,,,,,,,,,,,,,,,,,,,,,,,,,,,,,,,,,,,,Elaborar diagnóstico para la gestión del cambio que contribuya a la instalación de una cultura de calidad y al mejoramiento continuo en la institución.,,dic-22,Implementar prototipo de la plataforma web del Sistema de Gestión Integral de la Calidad.,,dic-22,Crear un Comité para la gestión del cambio del Sistema de Gestión Integral de la Calidad.,,dic-23,Implementar el piloto del programa de capacitación del Sistema de Gestión Integral de Calidad Sistema de Gestión Integral de la Calidad.,,dic-23,Implementar un Plan Institucional para la gestión del cambio que contribuya a la instalación de una cultura de calidad y al mejoramiento continuo en la institución.,,dic-23,Realizar jornadas de reflexión institucional sobre el Sistema de Gestión Integral de la Calidad.,,dic-23,Evaluar la implementación del Plan Institucional de gestión del cambio que contribuya a la instalación de una cultura de calidad y al mejoramiento continuo en la institución.,,dic-24,Ajustar y aplicar mejoras a la metodología del Plan Institucional de Gestión del Cambio que contribuya a la instalación de una cultura de calidad y al mejoramiento continuo en la institución.,,dic-25,,,,,,,Informe de diagnóstico & Acta de entrega plataforma web versión 1.,,,,,,Decreto que formaliza la creación del Comité para la gestión del cambio del Sistema de Gestión Integral de la Calidad.,,,,,Plan Institucional para la gestión del cambio que contribuya a la instalación de una cultura de calidad y al mejoramiento continuo en la institución.,,,,,Informe de la implementación del Plan Institucional para la gestión del cambio que contribuya a la instalación de una cultura de calidad y al mejoramiento continuo en la institución,,,,,Informe de resultados de la implementación del Plan Institucional de gestión del cambio que contribuya a la instalación de una cultura de calidad y al mejoramiento continuo en la institución.,,,,,Plan Institucional de Gestión del Cambio que contribuya a la instalación de una cultura de calidad y al mejoramiento continuo en la institución ajustado.,,,,,,,,,,,,,
DPAC,PMI-20,GC,Falta avanzar en la implementación y operacionalización de la auditoría de procesos como parte de su modelo de gestión integral.,Implementar metodología de auditoría de procesos adscritos al Sistema de Gestión Integral de la Calidad.,Gestión Institucional,,SI,Aseguramiento de la calidad,Porcentaje anual de procesos adscritos al Sistema de Gestión Integral de la Calidad auditados,(Número de procesos auditados en el año t/ Número de procesos planificados auditar al año t)*100.,85%,Informes de Auditoría de procesos adscritos al Sistema de Gestión Integral de la Calidad.,,,,,,,,,,,,,,,,,,,,,,,,,,,,,,,,,,,,,,,,,,,Difundir la metodología de auditoría de los procesos adscritos al Sistema de Gestión Integral de la Calidad.,,dic-22,Implementar  y evaluar la metodología de auditoría de los procesos adscritos al Sistema de Gestión Integral de la Calidad en coordinación con la contraloría universitaria.,,dic-23,Implementar mejoras a la metodología y ajustarla.,,dic-24,,,,,,,,,,,,,,,,,,,,,,Material audiovisual que dé a conocer la metodología de auditoría de los procesos adscritos al Sistema de Gestión Integral de la Calidad.,,,,,,Informes de Auditoría.,,,,,Informe de evaluación de la implementación de la metodología  de auditoría de los procesos adscritos al Sistema de Gestión Integral de la Calidad.,,,,,Documento que describe la metodología de auditoría de procesos adscritos al  Sistema de Gestión Integral de la Calidad ajustada.,,,,,,,,,,,,,,,,,,,,,,,
DAC,PMI-21,EPRE,"No se han sistematizado mecanismos para regular la evaluación y monitoreo del logro del Perfil de Egreso, la estructura curricular y la regulación de equivalencias entre experiencias formativas.","Fortalecer la integración del  marco normativo asociado a la evaluación y monitoreo del logro del Perfil de Egreso, la estructura curricular y la regulación de equivalencias entre experiencias formativas.",Docencia de Pregrado,,SI,Diseño y Provisión de carrera y programas.,Porcentaje de carreras con proceso de seguimiento Perfil de Egreso implementado.,(Número de carreras con el proceso de seguimiento del Perfil de Egreso implementado / Número total de carreras)*100.,70%,Decreto que formalizan las modificaciones reglamentarias pertinentes.,,,,,,,,,,,,,,,,,,,,,,,,,,,,,,,,,,,,,,,,,,,Documentar proceso de seguimiento de Perfil de Egreso.,,dic-22,Modificar Reglamento de Reconocimiento de Estudios (incorporar equivalencias).,,dic-22,Implementar proceso de seguimiento del Perfil de Egreso junto con herramientas tecnológicas de apoyo.,,dic-23,Diagnosticar el estado del arte de la Estructura Curricular y diseñar proceso de seguimiento.,,dic-23,Implementar proceso de seguimiento de la estructura curricular con herramientas tecnológicas de apoyo.,,dic-24,Implementar proceso de seguimiento del Perfil de Egreso.,,dic-24,Evaluar los mecanismos de los procesos asociados al seguimiento del perfil de egreso y estructura curricular.,,dic-25,,,,,,,,,,Ficha de caracterización del Proceso de seguimiento perfil egreso.,,,,,,Decreto que formaliza la modificación del Reglamento de Reconocimiento de Estudios.,,,,,Informe estructura curricular.,,,,,Informe por carrera.,,,,,Plan de Mejora para el proceso de seguimiento y monitoreo del Perfil de Egreso.,,,,,,,,,,,,,,,,,,
DAC,PMI-22,EPRE,"El área de formación transversal se implementa en la formación de pregrado, sin embargo, requiere mayor formalización y estandarización de mecanismos que permitan su incorporación de manera uniforme y sistemática.",Fortalecer la línea de formación transversal  de los programas de pregrado en coherencia al modelo educativo.,Docencia de Pregrado,,SI,Diseño y Provisión de carrera y programas.,Decreto que formaliza la formación transversal.,n/a,1,Decreto que formaliza la implementación de la formación transversal.,,,,,,,,,,,,,,,,,,,,,,,,,,,,,,,,,,,,,,,,,,,Elaborar un diagnóstico de la implementación de la formación transversal en los programas formativos de pregrado.,,dic-22,Elaborar propuesta formación transversal estabilizada incorporando las necesidades levantadas en el diagnóstico.,,dic-23,Actualizar los Planes de Estudio de pregrado que consideren la reestructuración de la formación transversal.,,dic-24,"Definir mecanismos de evaluación y ajuste del perfil de egreso, que contemple la formación transversal en los Planes de Estudio.",,dic-25,,,,,,,,,,,,,,,,,,,Informe de resultados del diagnóstico.,,,,,,Informe que describe la propuesta de formación transversal.,,,,,"Decreto modificatorio de los planes de estudio, cuando se aplique.",,,,,"Mecanismos de monitoreo y evaluación de logro del perfil de egreso, que contemple la formación transversal.",,,,,,,,,,,,,,,,,,,,,,,
DAC,PMI-23,EPRE,"Existe desconocimiento por parte de la comunidad universitaria, sobre los mecanismos y procesos que se disponen para la provisión e implementación de las carreras de pregrado.",Generar un Plan de Socialización que permita mejorar el conocimiento de los procesos de provisión de carreras de pregrado vigentes.,Docencia de Pregrado,,SI,Diseño y Provisión de carrera y programas.,Porcentaje de avance anual del Plan de Socialización que permita mejorar el conocimiento de los procesos de provisión de carreras de pregrado vigentes.,(Número de acciones ejecutadas en el año t/Número de acciones planificadas en el año t)*100.,80%,Plan de Socialización que permita mejorar el conocimiento de los procesos de provisión de carreras de pregrado vigentes.,,,,,,,,,,,,,,,,,,,,,,,,,,,,,,,,,,,,,,,,,,,Crear y ejecutar el Plan de Socialización que permita mejorar el conocimiento de los procesos de provisión de carreras de pregrado vigentes.,,dic-23,Continuar la ejecución del Plan de Socialización que permita mejorar el conocimiento de los procesos de provisión de carreras de pregrado vigentes.,,dic-24,,,,,,,,,,,,,,,,,,,,,,,,,Plan de Socialización del proceso de provisión de carreras de pregrado.,,,,,,Informe de ejecución del Plan de Socialización provisión de carreras de pregrado.,,,,,Informe de ejecución del Plan de Socialización provisión de carreras de pregrado.,,,,,,,,,,,,,,,,,,,,,,,,,,,,
DAC,PMI-24,EPRE,Los resultados obtenidos en los mecanismos de evaluación estudiantil no se vinculan sistemáticamente con las estrategias de cierre de brechas en el ámbito de calidad de la docencia.,Mejorar la encuesta de evaluación docente y el uso de sus resultados para la definición de las estrategias para el perfeccionamiento docente.,Docencia de Pregrado,,SI,Proceso de enseñanza,Encuesta actualizada e implementada.,n/a,1,Plan de Acompañamiento y perfeccionamiento a la Docencia articulado con los resultados de la evaluación docente.,,,,,,,,,,,,,,,,,,,,,,,,,,,,,,,,,,,,,,,,,,,"Validar, pilotear e implementar las mejoras a la versión actual de encuesta de evaluación docente.",,dic-22,Pilotear el sistema de análisis y reporte de resultados de la encuesta de evaluación docente.,,dic-23,Realizar ajustes al sistema implementado.,,dic-23,Revisión y actualización del instrumento.,,dic-24,,,,,,,,,,,,,,,,,,,Decreto que formaliza la encuesta de evaluación docente.,,,,,,Informe de pilotaje.,,,,,Actas de acuerdo.,,,,,Listas de asistencia a reuniones y focus group realizadas con actores pertinentes.,,,,,,,,,,,,,,,,,,,,,,,
DAC,PMI-25,EPRE,"Las estrategias de acompañamiento docente que dispone la Universidad para la mejora continua, requieren de mayor formalización y sistematización.",Formalización de las estrategias de acompañamiento y perfeccionamiento docente en articulación con los resultados de la evaluación docente.,Docencia de Pregrado,,SI,Dotación académica/ docente,Informe de evaluación de la mejora en la docencia universitaria.,n/a,1,Informe de evaluación de mejora en la docencia universitaria.,,,,,,,,,,,,,,,,,,,,,,,,,,,,,,,,,,,,,,,,,,,Formalizar y difundir el Plan de Acompañamiento y perfeccionamiento a la Docencia.,,dic-22,Diseñar un Diplomado en Docencia Universitaria.,,dic-22,Implementar el Plan de Acompañamiento y perfeccionamiento a la Docencia y articularlo con la encuesta de evaluación docente. ,,dic-23,Ejecutar el Diplomado en Docencia Universitaria,,dic-23,Evaluar y ajustar el Plan de Acompañamiento y perfeccionamiento a la Docencia.,,dic-24,Ejecutar la segunda versión del diplomado en Docencia Universitaria.,,dic-24,"Establecer, implementar y evaluar mejoras para el Plan de Acompañamiento y perfeccionamiento a la Docencia.",,dic-25,Ejecutar la tercera versión del diplomado en Docencia Universitaria.,,dic-25,,,,,,,Decreto que formaliza el Plan de Acompañamiento y perfeccionamiento a la Docencia.,,,,,,Diseño del Diplomado en Docencia Universitaria.,,,,,Decreto que formaliza el diplomado en Docencia Universitaria,,,,,Informe ajustes del Plan de Acompañamiento y perfeccionamiento a la Docencia.,,,,,Mejoras incorporadas al Plan de Acompañamiento y perfeccionamiento a la Docencia.,,,,,,,,,,,,,,,,,,
DAC,PMI-26,DA,"El Reglamento General Académico cuenta con orientaciones para la carrera académica, pero no aborda en detalle lo que debe contener una Política de Desarrollo Académico.","Armonizar los mecanismos que orientan el desarrollo de la carrera académica en coherencia con funciones, trayectorias y grados académicos.",Docencia de Pregrado,,SI,Dotación académica/ docente,Porcentaje de normativas que operacionalizan la política formalizadas.,(Número de normativas que operacionalizan la política formalizadas/ Número total de normativas requeridas para  operacionalizar la política)*100.,100%,Normativas que operacionalizan la Política de Desarrollo Académico.,,,,,,,,,,,,,,,,,,,,,,,,,,,,,,,,,,,,,,,,,,,Instalar capacidades y orgánica para la proyección del Desarrollo Académico.,,dic-22,Enriquecer los lineamientos estratégicos para el funcionamiento de la carrera académica.,,dic-23,Evaluar actualización de carrera académica del claustro 2017-2022.,,dic-24,,,,,,,,,,,,,,,,,,,,,,Decreto que formaliza la instalación e incorporación de la unidad a la estructura organizacional.,,,,,,Decreto que formaliza la Política de Desarrollo Académico,,,,,Normativas que operacionalizan la Política de Desarrollo Académico.,,,,,,,,,,,,,,,,,,,,,,,,,,,,
DAC,PMI-27,DA,"No existen sistemas de gestión de información que permitan integrar adecuadamente los antecedentes relacionados con los procesos de evaluación, jerarquización y calificación académica.","Diseñar, implementar y socializar sistema de información de Desarrollo Académico.",Docencia de Pregrado,,SI,Dotación académica/docente.,Sistema de Información de Desarrollo Académico implementado.,n/a,1,Sistema de información de Desarrollo Académico implementado.,,,,,,,,,,,,,,,,,,,,,,,,,,,,,,,,,,,,,,,,,,,Caracterizar los procesos de Desarrollo Académico.,,dic-22,Elaborar el anteproyecto de software del Sistema de Información de Desarrollo Académico.,,dic-23,"Implementar, capacitar  y socializar Sistema de Información de Desarrollo Académico.",,dic-24,,,,,,,,,,,,,,,,,,,,,,Ficha de caracterización del proceso(s) de jerarquización y calificación académica.,,,,,,Anteproyecto de Sistema de Información de Desarrollo Académico.,,,,,Acta de entrega conforme del Sistema de Información de Desarrollo Académico.,,,,,Plan de socialización del Sistema de Información de Desarrollo Académico.,,,,,,,,,,,,,,,,,,,,,,,
DAC,PMI-28,DE,La infraestructura actual es limitada y no favorece la asociatividad estudiantil ni la organización de actividades extra programáticas.,Habilitar espacios según necesidades estudiantiles para favorecer la asociatividad estudiantil y la implementación de talleres extracurriculares.,,,,Ciclo de vida del/la estudiante.,Porcentaje de estudiantes que evalúan satisfactoriamente las actividades y espacios físicos para el desarrollo de actividades extracurriculares para el periodo t.,(Número de estudiantes que evalúan satisfactoriamente los espacios físicos y actividades extracurriculares desarrollados en el periodo t/ número de estudiantes que participa en actividades extracurriculares en el periodo t)*100.,90%,Formalización de las actividades extraprogramáticas en el UCampus.,,,,,,,,,,,,,,,,,,,,,,,,,,,,,,,,,,,,,,,,,,,"Continuar arrendando espacios, polideportivo, gimnasio, escalada, salón casa Angol, y aprovechar la estructura.",,dic-22,Evaluar los talleres realizados en el año 1 y se definen los espacios de arriendo requeridos para el año 2.,,dic-23,Habilitar espacio(s) para los Centros de Estudiantes.,,dic-24,Elaborar propuesta de talleres extracurriculares.,,dic-25,Habilitar espacio(s) para talleres extracurriculares.,,dic-26,,,,,,,,,,,,,,,,Contratos de arriendo.,,,,,,Plan Anual de Talleres extracurriculares.,,,,,"Documento de compromiso y recepción conforme del espacio, incluye inventario.",,,,,Propuesta de talleres extracurriculares.,,,,,Lista de asistentes a la Ceremonia de inauguración talleres extraprogramáticos.,,,,,,,,,,,,,,,,,,
DAC,PMI-29,SA,"Faltan mecanismos institucionales que permitan realizar un seguimiento adecuado y oportuno del registro académico, desarrollo estudiantil y acompañamiento académico de cada estudiante.","Implementar plataforma que evidencie registro académico, desarrollo estudiantil y acompañamiento académico de cada estudiante.",,,,Ciclo de vida del/la estudiante.,Ficha implementada del estudiante.,n/a,1,Acta de cierre del proyecto con firma de la contraparte del proceso.,,,,,,,,,,,,,,,,,,,,,,,,,,,,,,,,,,,,,,,,,,,"Elaborar proceso de seguimiento y monitoreo del registro académico, desarrollo estudiantil y acompañamiento académico de cada estudiante.",,dic-22,"Elaborar anteproyecto de software del proceso de seguimiento y monitoreo del registro académico, desarrollo estudiantil y acompañamiento académico de cada estudiante.",,dic-23,"Implementar y socializar ficha de cada estudiante que contempla el registro académico, el desarrollo estudiantil y el acompañamiento académico.",,dic-24,,,,,,,,,,,,,,,,,,,,,,Fichas de validación de procesos.,,,,,,Anteproyecto de Software.,,,,,"Acta de entrega de la ficha del estudiante que contempla el registro académico, el desarrollo estudiantil y el acompañamiento académico.",,,,,,,,,,,,,,,,,,,,,,,,,,,,
DAC,PMI-30,EPRE,Existe una débil articulación entre los mecanismos institucionales y la administración de las carreras que permitan realizar acciones que contribuyan de manera significativa a mejorar la retención estudiantil y la titulación oportuna.,"Articular estrategias que permitan fortalecer el ciclo inicial, mejorar la retención estudiantil y la titulación oportuna.",,,,Ciclo de vida del/la estudiante.,"Porcentaje de avance del Plan de implementación de estrategias de articulación entre acompañamiento estudiantil y docente, y Consejos de Carreras.",(Número de actividades ejecutadas/ número de actividades planificadas)*100.,80%,"Plan de implementación de estrategias de articulación que permitan fortalecer el ciclo inicial, mejorar la retención estudiantil y la titulación oportuna.",,,,,,,,,,,,,,,,,,,,,,,,,,,,,,,,,,,,,,,,,,,Articular los mecanismos de acompañamiento a estudiantes con el acompañamiento a la docencia.,,dic-22,Constituir todas las instancias de gobierno de carreras con sus normativas.,,dic-23,"Consolidar la articulación entre los mecanismos de acompañamiento estudiantil y docente, y los Consejos de Carreras.",,dic-24,"Diseño de Plan de Mejora articulado entre acompañamiento estudiantil y docente, y Consejos de Carreras.",,dic-25,Implementar Plan de Mejora.,,dic-26,,,,,,,,,,,,,,,,Acta de reuniones. ,,,,,,Decreto que formaliza el reglamento de organización y administración de carreras.,,,,,Decreto que formaliza la constitución de Consejos de Carrera.,,,,,Decreto que formaliza el reglamento para cada una de las carreras.,,,,,Acta de reuniones. ,,,,,Diseño de Plan de Mejora.,,,,,,,Informe de avance.,,,,,,
DAC,PMI-31,EPRE,Escaso desarrollo en investigación en áreas como la didáctica y los procesos de enseñanza-aprendizaje en la docencia universitaria.,Generar investigaciones en didáctica y proceso de enseñanza-aprendizaje en docencia universitaria.,,,,Calidad de la docencia.,Investigaciones publicadas en revistas científicas por académicos/as de los tres  Departamentos.,Sumatoria de las publicaciones publicadas en revistas científicas.,3,Publicaciones,,,,,,,,,,,,,,,,,,,,,,,,,,,,,,,,,,,,,,,,,,,Constituir un Comité  para el desarrollo en investigación.,,dic-22,Establecer la organización del Comité.,,dic-22,Elaborar catastro institucional de investigación en áreas didácticas y enseñanza-aprendizaje.,,dic-23,Implementar las acciones levantadas en el diagnóstico y planificar estrategias de colaboración con otras instituciones de investigación en educación superior en didáctica y enseñanza-aprendizaje.,,dic-24,Desarrollar investigación en educación superior en didáctica y enseñanza-aprendizaje.,,dic-25,Evaluar el estado de las investigaciones generadas.,,dic-26,,,,,,,,,,,,,Decreto que formaliza la constitución del Comité.,,,,,,Instrumento de registro.,,,,,Informe del resultado del catastro.,,,,,Plan de Trabajo de acciones levantadas del diagnóstico y otras instituciones de investigación en educación superior.,,,,,Postulaciones y presentaciones de trabajos de investigación en instituciones ad hoc.,,,,,"Publicaciones en revistas científicas.Registro de asistencia a congresos, seminarios, entre otros.",,,,,,,,,,,,,
DAC,PMI-32,DE,Escaso conocimiento del estamento estudiantil con respecto a las temáticas de investigación que realiza el estamento académico y cómo esta contribuye a mejorar los procesos de formación disciplinar y multidisciplinar.,Socializar las Investigaciones académicas con el estamento estudiantil.,,,,Calidad de la docencia.,Percepción del estamento estudiantil respecto a la consulta “He participado en instancias de difusión sobre Investigación aplicada que contribuyen a mejorar la formación que he recibido”.,Porcentaje del estamento estudiantil consultado que responde que “sí” ha participado en instancias de difusión sobre Investigación aplicada que contribuyen a mejorar la formación que ha recibido.,75%,Lista de asistencia de las jornadas de socialización de investigaciones académicas.,,,,,,,,,,,,,,,,,,,,,,,,,,,,,,,,,,,,,,,,,,,Diseñar jornada de socialización de investigaciones académicas para el estamento estudiantil.,,dic-22,Implementar jornada de socialización de investigaciones académicas  para el estamento estudiantil.,,dic-23,Declarar en los programas de asignaturas cuando la investigación académica tributa a los resultados de aprendizaje.,,dic-23,Evaluar la estrategia implementada.,,dic-23,Implementar jornada de socialización de investigaciones académicas  para el estamento estudiantil.,,dic-24,Mejorar el ciclo descrito.,,dic-24,Implementar jornada de socialización de investigaciones académicas  para el estamento estudiantil.,,dic-25,Institucionalizar la difusión en investigación-docencia para la comunidad universitaria y externos.,,dic-25,Implementar jornada de socialización de investigaciones académicas  para el estamento estudiantil.,,dic-26,Evaluar el alcance de la estrategia.,,dic-26,Documento de Diseño de Jornada de Socialización de investigaciones académicas con el estamento estudiantil.,,,,,,Programas de cursos y verificadores de asistencia.,,,,,Documento de diseño de mejoras para la siguiente versión de la jornada.,,,,,Documento de diseño de mejoras para la siguiente versión de la jornada.Incorporación de la actividad en el Calendario Académico.,,,,,Elaborar informe de evaluación de las jornadas.,,,,,,,,,,,,,,,,,,
DAC,PMI-33,DA,"No existen mecanismos que promuevan o incentiven la participación académica en centros, grupos, redes o programas de investigación en calidad de la docencia.","Generar estrategias de incentivo para la participación académica en centros, grupos, redes, programas de investigación en calidad de la docencia.",,,,Calidad de la docencia.,"Sumatoria de académicos/as que participan en centros, grupos, redes, programas de investigación en calidad de la docencia.",Número de académicos/as participantes por Departamento.,3,"Decreto que formaliza el proceso de incentivo para la participación académica en centros, grupos, redes, programas de investigación en calidad de la docencia.",,,,,,,,,,,,,,,,,,,,,,,,,,,,,,,,,,,,,,,,,,,Definir responsable para realizar el catastro y mapeo de la participación académica. ,,dic-22,Establecer la organización del equipo responsable.,,dic-22,"Elaborar catastro y mapa de la participación académica en redes, centros o programas de investigación.",,dic-23,Definir de acuerdo al catastro la estrategia de incentivos para participación académica. ,,dic-24,2. Implementar estrategias de incentivos.,,dic-24,"Evaluar la estrategia e implementar mejoras al proceso de incentivo para la participación académica en centros, grupos, redes, programas de investigación en calidad de la docencia.",,dic-25,"Institucionalizar el proceso de incentivo para la participación académica en centros, grupos, redes, programas de investigación en calidad de la docencia.",,dic-26,,,,,,,,,,Acta de reuniones.,,,,,,"Informe de resultados del catastro y mapa de la participación académica en redes, centros o programas de investigación.",,,,,Acta de reuniones.,,,,,Documento que describe la estrategia.,,,,,Encuesta de Satisfacción u otros instrumentos de evaluación requeridos.,,,,,Documento de normalización del proceso.,,,,,,,,,,,,,
