,,,,,22,,,,Indicador 1,,,,Indicador 2,,,,Indicador 3,,,,,Indicador 1,,,,Indicador 2,,,,Indicador 3,,,,Indicador 4,,,,Indicador 5,,,,,Indicador 1,,,,Indicador 2,,,,Indicador 3,,,,Indicador 4,,,,Indicador 5,,,,,Indicador 1,,,,Indicador 2,,,,,Indicador 1,,,,Indicador 2,,,,Indicador 3,,,,Indicador 4,,,,,Indicador 1,,,,Indicador 2,,,,,Indicador 1,,,,,Indicador 1,,,,,Indicador 1,,,,HITO 1,,,HITO 2,,,HITO 3,,,HITO 4,,,HITO 5,,,HITO 6,,,HITO 7,,,HITO 8,,,HITO 9,,,HITO 9,,,HITO 10,,,HITO 11,,,HITO 11,,,Medio_verificacion_1,,,,,Medio_verificacion_2,,,,,Medio_verificacion_3,,,,,Medio_verificacion_4,,,,,Medio_verificacion_5,,,,,Medio_verificacion_6,,,,,Medio_verificacion_7,,,,,Medio_verificacion_8,,,,,Medio_verificacion_9,,,,,Medio_verificacion_10,,,,,Medio_verificacion_11,,,,,Medio_verificacion_12,,,,
Area,ID_accion,URY,Responsable,Título,Objetivo,Tipo,Presupuesto,Funcion 1,Nombre,Formula,Meta,Verificador asociado,Nombre,Formula,Meta,Verificador asociado,Nombre,Formula,Meta,Verificador asociado,Funcion 2,Nombre,Formula,Meta,Verificador asociado,Nombre,Formula,Meta,Verificador asociado,Nombre,Formula,Meta,Verificador asociado,Nombre,Formula,Meta,Verificador asociado,Nombre,Formula,Meta,Verificador asociado,Funcion 3,Nombre,Formula,Meta,Verificador asociado,Nombre,Formula,Meta,Verificador asociado,Nombre,Formula,Meta,Verificador asociado,Nombre,Formula,Meta,Verificador asociado,Nombre,Formula,Meta,Verificador asociado,Funcion 4,Nombre,Formula,Meta,Verificador asociado,Nombre,Formula,Meta,Verificador asociado,Funcion 5,Nombre,Formula,Meta,Verificador asociado,Nombre,Formula,Meta,Verificador asociado,Nombre,Formula,Meta,Verificador asociado,Nombre,Formula,Meta,Verificador asociado,Funcion 6,Nombre,Formula,Meta,Verificador asociado,Nombre,Formula,Meta,Verificador asociado,Funcion 7,Nombre,Formula,Meta,Verificador asociado,Funcion 8,Nombre,Formula,Meta,Verificador asociado,Funcion 9,Nombre,Formula,Meta,Verificador asociado,Nombre_2,Descripción_1,Plazo,Nombre_2,Descripción_2,Plazo,Nombre_2,Descripción_2,Plazo,Nombre_2,Descripción_2,Plazo,Nombre_2,Descripción_2,Plazo,Nombre_2,Descripción_2,Plazo,Nombre_2,Descripción_2,Plazo,Nombre_2,Descripción_2,Plazo,Nombre_2,Descripción_2,Plazo,Nombre_2,Descripción_2,Plazo,Nombre_2,Descripción_2,Plazo,Nombre_2,Descripción_2,Plazo,Nombre_2,Descripción_2,Plazo,Nombre,Criterio_1,Criterio _2,Criterio_3,Criterio_4,Nombre,Criterio_1,Criterio _2,Criterio_3,Criterio_4,Nombre,Criterio_1,Criterio _2,Criterio_3,Criterio_4,Nombre,Criterio_1,Criterio _2,Criterio_3,Criterio_4,Nombre,Criterio_1,Criterio _2,Criterio_3,Criterio_4,Nombre,Criterio_1,Criterio _2,Criterio_3,Criterio_4,Nombre,Criterio_1,Criterio _2,Criterio_3,Criterio_4,Nombre,Criterio_1,Criterio _2,Criterio_3,Criterio_4,Nombre,Criterio_1,Criterio _2,Criterio_3,Criterio_4,Nombre,Criterio_1,Criterio _2,Criterio_3,Criterio_4,Nombre,Criterio_1,Criterio _2,Criterio_3,Criterio_4,Nombre,Criterio_1,Criterio _2,Criterio_3,Criterio_4
DAC,DAC-1,20992,TICE,Modernización tecnológica para los procesos formativos,Implementar nuevas tecnologías en docencia que permitan la innovación en el proceso educativo con la finalidad promover una mejora en los rendimientos académicos y la instalación de competencias digitales en la institución.,Desarrollo,"$100,680,000","Instalar un área de Tecnologías de la Información y la Comunicación en Educación (TICE), a fin de favorecer la innovación en el proceso de enseñanza y aprendizaje, de acuerdo a los lineamientos del modelo educativo de la Universidad de Aysén.",,Porcentaje de carreras que incorporan el uso de sala MOOC en sus asignaturas,50%,Informe utilización de sala MOOC generado por Dirección Académica,,,,,,Porcentaje de docentes que incorporan salas híbridas en sus asignaturas,50%,Reporte de habilitación y uso de salas híbridas generado por Dirección Académica,"Fortalecer capacidades institucionales, tanto de académicos como de profesionales del área de curricular y apoyo a la docencia universitaria en metodologías y tecnologías de innovación.",,Capacitación uso de TICE a académicos,50%,Reporte de actividad de capacitación generado por Dirección Académica,,,,,,,,,,,,,,,,,Implementar innovaciones en el proceso de enseñanza y aprendizaje que puedan beneficiarse del recurso metodológico y tecnológico relacionado a las TICE.,,Cursos en que se implementa la metodología b-learning,50%,Informe generado por Dirección Académica,,Porcentaje de docentes que incorporan innovaciones TICE que aumentan tasas,50%,"Estudio sobre resultados académicos y cursos asociados, elaborado por Análisis Institucional",,Porcentaje de planes de estudio que incorporan innovaciones curriculares en todos sus ciclos formativos,50%,Informe de ajustes curriculares elaborado por Escuela de Pregrado,,Porcentaje de asignaturas modificadas que mejoran resultados,50%,"Reportes de resultados académicos, elaborado por Análisis Institucional",,Porcentaje de planes de estudio con ajustes que mejoran resultados,50%,"Reportes de resultados académicos, elaborado por Análisis Institucional.",,,,,,,,,,,,,,,,,,,,,,,,,,,,,,,,,,,,,,,,,,,,,,,,,,,Equipo TICE conformado.,,,Estrategias de innovación asociadas a las Tecnologías de la Información y la Comunicación diseñadas.,,,Espacios para las innovaciones metodológicas y la realización de clases híbridas habilitados y funcionales,,,,,,,,,,,,,,,,,,,,,,,,,,,,,,,,,Decreto que oficializa la conformación del Equipo o unidad TICE.,,,,,"Documento de estrategias, lineamientos de innovación y plan de implementación, desarrollado por equipo TICE en asociación con Escuela de Pregrado.",,,,,Reporte emitido por la Dirección académica que contenga evidencia gráfica de la implementación de la sala MOOC para confección de material audiovisual para la enseñanza y de la sala para la realización de metodología de enseñanza en salas híbridas.,,,,,,,,,,,,,,,,,,,,,,,,,,,,,,,,,,,,,,,,,,,,,,,,,
DAC,DAC-2,RED20991,DAC,Construcción del Ethos Identitario del Sistema de Universidades del Estado de Chile,"Consolidar de manera efectiva y colaborativa la identidad del Sistema de Universidades del Estado de Chile, que contribuya de manera diferenciadora al desarrollo humano, social, económico, científico y tecnológico del país, a través del quehacer coordinado y complementario de las universidades estatales, favoreciendo su fortalecimiento y posicionamiento estratégico en los ámbitos de la docencia de pregrado. Insertar objetivo general del proyecto",Desarrollo,"$5,176,000","Generar, formalizar y estructurar un espacio de reflexión, debate y construcción de acuerdos y productos que contribuyan a reconocer las buenas prácticas para el trabajo en conjunto y a la integración del Sistema de Universidades Estatales (SUE) y a su posicionamiento a nivel nacional e internacional en los ámbitos de la docencia.",Reuniones RED VRA,N° reuniones,12,Actas e informes de asistencia,,,,,,,,,"Realizar un análisis comparado de los proyectos y propuestas educativas y estratégicas de las universidades estatales para caracterizar la identidad del SUE en base a focos priorizados, en función de las fortalezas de cada una de las UES.",Convenios internacionales de colaboración,Número de convenios firmados,2,Convenios firmados,,,,,,,,,,,,,,,,,"Establecer un análisis estratégico y comparativo para identificar a las universidades internacionales que se definan como referentes para el SUE y formalizar redes de colaboración, con el propósito de potenciar los focos en función de las fortalezas de cada una de las UES nacionales.",Modelos formativos UE,número de modelos analizados/número de universidades estatales)*100,100%,Informe de resultados,,,,,,,,,,,,,,,,,"Instalar la formación ciudadana como rasgo identitario del SUE a través del trabajo interinstitucional en pos del fortalecimiento de la democracia, el desarrollo integral y sustentable del país.",Implementación Plan de Comunicación,Número de actividades realizadas/ número de actividades planificadas)*100,100%,Informes,Capacitación en formación para la ciudadanía,Total de personas capacitadas,540,Informe y registro de actividades,Realizar un análisis comparado nacional de las políticas promotoras de la calidad de vida de los estudiantes durante su trayectoria en las universidades que integran el SUE.,Diagnóstico de acciones de calidad de vida estudiantil,Número total de acciones de calidad de vida catastradas/total de UE,100%,Informes de resultados,Calidad de Vida Estudiantil SUECH,Plan de acciones colaborativas entre las UE para la promoción de la calidad de vida,1,Informe.,,,,,,,,,Fortalecer el principio de no discriminación e igualdad de género como rasgo identitario del Sistema de Universidades Estatales Chilenas,Talleres de Capacitación en Igualdad,Número de talleres ejecutados/ número de talleres comprometidos) *100,100%,Informe y registro de talleres,Total personas capacitadas,N*126,6300,Nómina de asistencia,,,,,,,,,,,,,,,,Análisis comparado a nivel internacional de sistemas de universidades estatales de avanzada realizado,,dic-22,Convenios de colaboración con universidades internacionales de avanzada.,,dic-22,Diagnóstico de los elementos comunes en las propuestas formativas de las universidades del SUE realizado,,dic-22,Estrategia comunicacional para la diseminación de los resultados del análisis comparado nacional implementada.,,dic-22,Aumento de académicos capacitados,,dic-22,"Propuesta de formación de liderazgos, gestión pública y políticas ciudadanas del SUE",,dic-22,,,,,,,,,,,,,,,,,,,,,,Informe de experiencias internacionales comparadas,,,,,Convenios de cooperación internacional.,,,,,Informe de avance de acciones implementadas,,,,,Informes de actividades,,,,,,,,,,,,,,,,,,,,,,,,,,,,,,,,,,,,,,,,,,,,
DAC,DAC-3,RED20992,EPRE,Consolidando el espacio común de formación de pregrado del sistema de universidades estatales a través del fortalecimiento del valor de la movilidad académica como oportunidad formativa diversa y de calidad,"Consolidar un espacio común de formación de pregrado estatal, asociativo y colaborativo, que otorgue oportunidades formativas diversas, centrado en la diversidad territorial y el potencial académico de cada institución, fomentando capacidades de innovación formativa para fortalecer el valor de la movilidad académica en el itinerario formativo",Desarrollo,"$21,900,000",Incrementar la cobertura y la calidad de la movilidad académica como un espacio sello de aprendizaje con foco en la experiencia estudiantil,Porcentaje de universidades participantes en el programa online de formación general/integral estatal,(Porcentaje de universidades participantes/total de universidades estatales)*100,100%,Informe con resoluciones de cada universidad donde se aprueba el convenio de movilidad online,Número de cursos de formación integral/general implementados en plataforma y ofrecidos,Suma total de cursos implementado s,80,Plataforma CUECH con oferta de los cursos por semestre Informe anual de movilidad SUECH,Número de estudiantes de pregrado de cada universidad enviados a movilidad presencial*,Sumatoria de estudiantes de cada universidad del CUECH,50%,Registro de estudiantes participantes en movilidad,"Implementar una oferta online de formación general/integral, accesible para todos/as los/as estudiantes del sistema de universidades estatales, que ofrezca cada universidad, como parte del aporte a la consolidación del espacio común de formación estatal nacional.",Número de estudiantes participantes en el programa online de formación general/integral estatal,Suma total de estudiantes inscritos en el programa,400,Informe anual de movilidad SUECH,,,,,,,,,,,,,,,,,"Diversificar el tipo y características de la movilidad académica considerando espacios formativos presenciales y virtuales e incentivando la innovación formativa virtual, con énfasis en ciclos terminales, tesis co tuteladas o con tutela de académicos/as de universidades SUECH.",Número de estudiantes realizando tesis co tuteladas o tuteladas en el marco de movilidad académica,Sumatoria del número de estudiantes realizando tesis co tuteladas o tuteladas en el marco de movilidad académica,20,Registro de estudiantes participantes en tesis co tuteladas o con tutela CUECH,Número de temas de investigación para tesis ofertados en conjunto con la Red de Investigación del CUECH,Sumatoria del número de temas de investigación para tesis ofertados en conjunto con la Red de Investigación del CUECH,20,Registro de temas de investigación para tesis ofertadas en conjunto con Red Investigación CUECH,,,,,,,,,,,,,"Evaluar el sistema de gestión, el reconocimiento institucional y la contribución de la movilidad estudiantil, para proponer mejoras que permitan incrementar su valor como espacio común de formación estatal, asociativo y colaborativo.",Satisfacción de estudiantes participantes en movilidad con la experiencia y gestión de la movilidad estudiantil,Sumatoria del número de estudiantes que responden encuesta con satisfecho o muy satisfecho / total de estudiantes que responden la encuesta*100,70%,Informe de estudio de satisfacción con movilidad estudiantil,Satisfacción de directores de escuela/carrera (que reciben o envían estudiantes) con la experiencia y gestión de la movilidad estudiantil,Sumatoria del número de directores/as que responden encuesta con satisfecho o muy satisfecho / total de directores/as que responden la encuesta*100,70%,Informe de estudio de satisfacción con movilidad estudiantil,Definir las bases de un sistema de articulación de la movilidad académica haciendo partícipe a la Red de Investigación SUECH y a la Educación Media para mejorar sus competencias de ingreso a la educación superior.,,,,,,,,,,,,,,,,,,,,,,,,,,,,,,,,,,,,,,,,,"Experiencia piloto de trabajo con dos redes históricas disciplinares, que potencien su armonización curricular, implementada.",,jun-22,"Sistema común de evaluación de la experiencia formativa de movilidad, y ajustes realizados",,dic-22,Resultados de evaluación de la primera versión del programa de formación general/integral,,jun-22,Resultados de evaluación de la primera versión del programa de formación general/integral,,dic-22,Seminario nacional virtual para el análisis de la movilidad académica y compartir buenas prácticas desarrollado.,,jun-22,Sistema de articulación de la movilidad académica con la educación media diseñado,,,"Modelo consensuado de articulación de la movilidad académica con la Red de Investigación del SUECH, que permita fortalecer el proyecto aportando a la etapa final de titulación/graduación de pregrado.",,dic-22,,,,,,,,,,,,,,,,,,,Acta de encuentros online,,,,,Documento con sistema de evaluación de la experiencia formativa diseñado ,,,,,Informe de ajustes realizados,,,,,Informe de evaluación de la primera versión que incluya satisfacción de los usuarios,,,,,Oferta anual de movilidad divulgada en medios oficiales para año 1 y luego para año 2,,,,,Informe de análisis de oferta de movilidad y propuesta de optimización.,,,,,Informe escrito y validado por la Red de Pregrado y la Red de Investigación,,,,,Modelo de gestión institucional formalizado,,,,,Documento que detallan perfiles de cargo priorizados,,,,,Validadores en torno a sistemas de información implementados,,,,,Documentos de participación y desarrollo de compromisos de la red de movilidad estudiantil,,,,,Documentos de participación y desarrollo de compromisos de la red de formación ciudadana,,,,
DAC,DAC-4,2177,EPRE,Gestionar el Programa de Acceso a la Educación Superior (PACE) 2021,"Asegurar la preparación de estudiantes de sectores vulnerables de tercero (3º) y cuarto (4º) año de educación media de los establecimientos designados para participar del Programa, el acceso y acompañamiento de los estudiantes PACE que resulten habilitados y que se matriculen en alguna de las instituciones de educación superior en convenio, con miras a lograr la titulación de estos",Desarrollo,"$24,845,000",,,,,,,,,,,,,,,,,,,,,,,,,,,,,,,,,,,,,,,,,,,,,,,,,,,,,,,,,,,,,,,,,,,,,,,,,,,,,,,,,,,,,,,,,,,,,,,,,,,,,,,,,,Equipo coordinador PACE conformado/ratificado.,,mar-22,Equipo ejecutor PACE conformado/ ratificado,,mar-22,Programa de capacitación/ actualización del equipo PACE definido e implementado.,,dic-22,"Programa de difusión, información y posicionamiento del PACE definido e implementado",,dic-22,Mecanismos formales de articulación intrainstitucional definidos y/o actualizados.,,oct-22,Mecanismos formales de articulación intrainstitucional implementados.,,dic-22,Mecanismos formales de vinculación extrainstitucional definidos y/o actualizados.,,dic-22,,,,,,,,,,,,,,,,,,,ontratos equipo coordinador firmados (incluir perfiles de cargo).,,,,,Contratos equipo ejecutor firmados (incluir perfiles de cargo).,,,,,Informe anual de implementación del programa de capacitación.,,,,,Informe anual de implementación del programa de difusión.,,,,,Protocolos de articulación definidos.,,,,,Acuerdos de vinculación definidos.,,,,,Informe anual de implementación de los protocolos de articulación.,,,,,,,,,,,,,,,,,,,,,,,,,,,,,
DAC,DAC-5,2277,EPRE,Gestionar el Programa de Acceso a la Educación Superior (PACE) 2022,"Asegurar la preparación de estudiantes de sectores vulnerables de tercero (3º) y cuarto (4º) año de educación media de los establecimientos designados para participar del Programa, el acceso y acompañamiento de los estudiantes PACE que resulten habilitados y que se matriculen en alguna de las instituciones de educación superior en convenio, con miras a lograr la titulación de estos",Desarrollo,"$33,345,000",,,,,,,,,,,,,,,,,,,,,,,,,,,,,,,,,,,,,,,,,,,,,,,,,,,,,,,,,,,,,,,,,,,,,,,,,,,,,,,,,,,,,,,,,,,,,,,,,,,,,,,,,,Equipo coordinador y ejecutor PACE conformado/ratificado.,,abr-22,Programa de capacitación/actualización del equipo PACE definido e implementado.,,dic-22,Plan de adquisiciones definido e implementado.,,dic-22,"Programa de difusión, información y posicionamiento del PACE definido e implementado.",,dic-22,Mecanismos formales de articulación intrainstitucional definidos y/o actualizados e implementados.,,oct-22,Mecanismos formales de vinculación extrainstitucional definidos y/o actualizados e implementados.,,dic-22,Mecanismos e instrumentos de monitoreo del programa (GO y PEM) definidos y/o actualizados e implementados.,,oct-22,,,,,,,,,,,,,,,,,,,,,,,,,,,,,,,,,,,,,,,,,,,,,,,,,,,,,,,,,,,,,,,,,,,,,,,,,,,,,,
DAC,DAC-32,2295,EPRE,Vinculando el ciclo profesional de las carreras de pregrado de la Universidad de Aysén: una propuesta de articulación territorial multidisciplinar y bidireccional.,"Implementar una estrategia sistematica de vinculacion del ciclo profesional de las carreras de pregrado de la Universidad de Aysén con el territorio, para disponer de mecanismos de articulación territorial  multidisciplinares, sostenibles y bidireccionales",Desarrollo,"$243,000,000","Diseñar un sistema de gestión para la vinculación del ciclo profesional de las carreras de pregrado de la Universidad con las localidades, con orientación multidisciplinar y de descentralización territorial en sus actividades, que permita al mismo tiempo impactar los territorios y retroalimentar los planes formativos. ",Nivel de implementación del sistema de gestión,Porcentaje de avance del sistema de gestión,35%,Informe de avance del proyecto con evidencias,,,,,,,,,"Promover estrategias de vinculación interinstitucional entre la  universidad con los actores del medio, que permitan diversificar las oportunidades de colaboración en la solución de problemáticas locales y otorgar sostenibilidad en el tiempo al desarrollo de actividades curriculares del ciclo profesional de las carreras de pregrado en los territorios.",Tamaño de red de vinculación efectivamente coordinada,(Numero de actores clave del medio con los cuales se han planificado actividades curriculares/Numero de actores clave del medio identificados en portafolio)*100,30%,Plan de trabajo que detalla actividades curriculares a desarrollar,,,,,,,,,,,,,,,,,"Implementar un piloto de sistema de gestión para la vinculación del ciclo profesional de las carreras de pregrado de la universidad con las localidades, que permita a estas iniciativas avanzar en su pertinencia territorial, en su institucionalización, en su mejora continua y su retroalimentación a los procesos formativos",Sello territorial de actividades curriculares del ciclo profesional UAysén.,(Numero de estudiantes que realizan actividades curriculares de ciclo profesional fuera de coyhaique y puerto aysen/Numero total de estudiantes que realizan actividades curriculares de ciclo profesional)*100,0,Informe descriptivo de caracterizacion de actividades curriculares,Sello interdisciplinario de actividades curriculares del ciclo profesional UAysen,(Numero de actividades curriculares de ciclo profesional desarrolladas en los territorios y en donde participan colaborativamentes mas de dos estudiantes de distinta disciplina / Numero de actividades curriculares de ciclo profesional)*100,0,Informe descriptivo de caracterizacion de actividades curriculares,Satisfaccion de actores del medio sobre estudiantes UAysen,Porcentaje de encuestas de satisfaccion con resultados positivos desde actores del medio que han recibido a estudiantes UAysen para el desarrollo de sus actividades curriculares,0,Reporte descriptivo de resultados de encuentas consolidado,Retroalimentacion curricular en programas,Numero de asignaturas cuyos programas han sufrido ajustes en el periodo desde retroalimentacion obtenida desde actores del medio ,1,Evidencia de actualizacion de programas,,,,,,,,,,,,,,,,,,,,,,,,,,,,,,,,,,,,,,,,,,,,,,,,,,,,,,,"Benchmarking nacional en torno a la gestion de actividades curriculares de ciclo profesional en carreras de pregrado, y con vinculacion bidireccional, elaborado",,dic-22,"Analisis de informacion sobre oportunidades para realizacion de actividades curriculares de ciclo profesional en el medio, con logica multidisciplinar y bidireccional, desarrollado",,dic-22,,,,,,,,,,,,,,,,,,,,,,,,,,,,,,,,,,Informe de experiencia y buenas practivas de gestion de actividades curriculares de ciclo profesional,,,,,"Documento portafolio de sectores del medio y potenciales redes de colaboracion para el desarrollo de actividades curriculares en el ciclo profesional de las carreras de la Universidad de Aysen, con logica bidireccional y multidisciplinar",,,,,,,,,,,,,,,,,,,,,,,,,,,,,,,,,,,,,,,,,,,,,,,,,,,,,,
DCS,DCS-1,RED21993,DCS,Centro Interuniversitario de Envejecimiento Saludable (CIES),"Contribuir a la promoción del envejecimiento saludable, mediante la articulación entre las Universidades del Estado para el desarrollo de conocimiento básico y aplicado inter- y trans-disciplinario, la formación de capital humano avanzado, capacitando e informando en prevención y rehabilitación en las diferentes etapas del curso vital, en forma colaborativa con instituciones nacionales e internacionales para influir en las políticas públicas que impactan en la mejora de la calidad de vida de las PM.",Desarrollo,$0,Crear e institucionalizar el Centro Interuniversitario de Envejecimiento Saludable (CIES) para su sostenibilidad y proyección respondiendo a los desafíos de las políticas públicas en la materia,Número de investigadores destacados en el ámbito del envejecimiento que se incluyen a las redes de colaboración internacional y nacional.,Sumatoria de investigadores destacados que son parte de la red de colaboración (anual),2,Registro de investigadores nacionales e internacionales de las redes de colaboración,Número de pasantías de estudiantes,Sumatoria de pasantías de estudiantes en Chile y el extranjero (anual),3,Actas de adjudicación de pasantías,Número de pasantías de académicos,Sumatoria de pasantías de académicos en el extranjero (anual),2,Actas de adjudicación de pasantías,"Generar conocimiento científico-tecnológico en todas las Líneas Temáticas del CIES, que impacte en el desarrollo de las universidades, de los socios estratégicos y en las políticas públicas relativas al envejecimiento y vejez.",Número de proyectos de I+ D+ I en envejecimiento interuniversitarios presentados a concursos de financiamiento externo.,Sumatoria de proyectos presentados (anual),2,Certificado de postulación de los proyectos I +D+I,"Número de artículos científicos, capítulos de libro y monografías relacionados a envejecimiento, de autoríainteruniversitaria",Sumatoria de publicaciones aceptadas (anual),6,Cartas de aceptación de publicaciones,,,,,,,,,,,,,"Fortalecer la vinculación de las universidades del CIES con los territorios, las regiones y el país, a través de actividades y acciones que contribuyan a promover un envejecimiento saludable en Chile.",Número de actividades de capacitación realizadas,Sumatoria de cursos de capacitación y actividades,4,Programas de capacitación realizados,Número de notas de difusión de las acciones del CIES,Sumatoria de las apariciones en medios de difusión,4,Registro anual de las notas de prensa/radio/TV/RRS S,Participación en Mesas Temáticas o comités intersectoriales sobre PM (a nivel nacional o regional),Sumatoria de participación en reuniones de mesas temáticas intersectoriales,4,Actas de reuniones de mesas temáticas intersectoriales con participación de representantes del CIES.,,,,,,,,,"Generar, entre las Universidades del Estado y los actores relevantes regionales y nacionales, recomendaciones de políticas públicas en temas relacionados con el envejecimiento saludable a lo largo del curso de vida considerando las necesidades territoriales.",Número de documentos sobre políticas públicas relativas a envejecimiento generados,Sumatoria de documentos sobre políticas públicas relacionadas a envejecimiento generados,2,Registro de documentos generados,Número de recomendaciones sobre políticas públicas relativas a envejecimiento presentadas a organismos competentes.,Sumatoria de recomendaciones sobre políticas públicas relacionadas a envejecimiento presentadas a instituciones competentes (anual),1,Actas de recepción de documentos con recomendaciones,,,,,,,,,,,,,,,,,,,,,,,,,,,,,,,,,,,,,,,,,,CIES cread,,jun-22,Reglamento de funcionamiento CIES oficializado,,dic-22,Publicaciones con autorías colaborativas de investigadores(as) de la red aceptadas.,,dic-22,Plan de difusión de contenidos del CIES ejecutado,,dic-22,Mesas de trabajo constituidas entre CIES y personeros representantes de entidades gubernamentales y no gubernamentales relacionados en mejoras de políticas publicas,,dic-22,"Estudio sobre necesidades de políticas públicas en envejecimiento saludable, considerando las necesidades territoriales, realizado y validado",,dic-22,,,,,,,,,,,,,,,,,,,,,,Convenio de constitución firmado por rectores de cada institución participante,,,,,Reglamento del CIES oficializado y validado por las 15 universidades participantes con definición de integrantes y roles.,,,,,"Informe de adjudicación, implementación, monitoreo y evaluación de proyectos de investigación y registro de publicaciones científicas por cada Línea Temática.",,,,,"Informe del plan de difusión, implementación y evaluación de resultados",,,,,Acta de conformación de mesas de trabajo con informe del plan de seguimiento y monitoreo,,,,,"Informe de estudio sobre necesidades de políticas públicas en envejecimiento saludable, considerando las necesidades territoriales",,,,,,,,,,,,,,,,,,,,,,,,,,,,,,,,,,
DI,DI-1,2093,DDC,"Impulsando la divulgación, difusión científica y creación artística como herramienta para el posicionamiento regional y nacional de la actividad investigativa de la Universidad de Aysén","Fortalecer el acceso a la divulgación, difusión científica y creación artística como herramienta para el posicionamiento de la actividad investigativa de la Universidad de Aysén frente a la comunidad local y nacional",Desarrollo,"$87,235,000","Instalar capacidades en la institución asociadas a divulgación de la ciencia y el conocimiento, que permitan establecer orientaciones estratégicas y operacionalizar acciones en el tema",,"Número de investigadores que participan en las actividades formativas para la puesta en valor y potenciar capacidades para la difusión, divulgación y creación artística en el año t",10,"Registro de asistencia a cada actividad, entregado por VcM - Dirección de Investigación. Entrega de resultados de encuesta.",,,,,,"Listado de colaboradores/actores que puedan contribuir con capacidades de generación artística y cultural para la difusión, divulgación y creación artística.",1,Listado actualizado de forma anual para el proyecto con Actas de compromiso y acuerdos obtenidos en las jornadas participativas de brainstorming.,"Diseño e implementación de acciones conducentes a la divulgación de la ciencia y el conocimiento, con foco en la creación artística y cultural desde las investigaciones de la institución, que permitan visibilizar y difundir la ciencia realizada en la Universidad",,Número de convenios formalizados para la divulgación de la ciencia y el conocimiento en el año t,3,"Convenios con decreto universitario exento, formalizado por Secretaría General.",,Número de actividades desarrolladas de contenido artístico y cultural desde las investigaciones desarrolladas en la institución.,2,Comunicado de prensa con difusión y publicación de actividades desarrolladas.,,Número de actividades desarrolladas extensión orientadas hacia la divulgación de la ciencia y el conocimiento.,2,Comunicado de prensa con difusión y publicación de actividades desarrolladas.,,Número de académicos que realizan actividades de divulgación científica / Total de académicos que participan en actividades formativas.,50%,"Reportes de actividades realizadas, indicando asistencia y formas de participación de académicos, emitido por DVcM",,,,,,,,,,,,,,,,,,,,,,,,,,,,,,,,,,,,,,,,,,,,,,,,,,,,,,,,,,,,,,,,,,,,,,,,,,,,,,,,,,,,,,,,,,,,,,,,,,,,,,,,,,,,,,,,,,,,,,,,,,,,,,,,,,,,,,,,,,,,,,,,,,,,,,,,,,,,,,,,,,,,,,,,,,,,,,
DI,DI-2,2195,DINV,Impulsando la investigación y formación en vinculación al medio regional para el resguardo sustentable del Patrimonio Natural de Aysén y la Patagonia.,"Desarrollar ciencia y docencia enfocada al resguardo sustentable del Patrimonio Natural de la región de Aysén, a través de proyectos de investigación, innovación y docencia que implementen soluciones a problemas y desafíos territoriales de forma articulada entre la Universidad de Aysén y agentes públicos, científicos y organizaciones a escala nacional, regional y local.",Desarrollo,"$114,962,000","Instalar capacidades académicas y de gestión en la Institución que den soporte a la generación y transferencia de conocimiento en materia del desarrollo sustentable, con particular foco en la realidad y vinculación bidireccional con el medio regional, permitiendo con ello impulsar la sustentabilidad en la Institución como perspectiva transversal.",Cuerpo académico que tributa a líneas de investigación asociadas a desarrollo sustentable y con capacidad de impacto regional.,Número de académicos/as que explicitan trabajos en investigación con pertinencia regional y en relación directa con materias de desarrollo sustentable.,16,Caracterización de líneas de investigación del cuerpo académico existente en la Institución. En la caracterización se clasificará de forma específica los aportes de este proyecto. Entregado por Dirección de Investigación.,,,,,,,,,"Desarrollar proyectos de investigación con impacto regional y articulados con actores claves en la región, considerando como foco el resguardo sustentable del Patrimonio Natural de la región, que permitan abordar oportunidades en los territorios desde perspectivas económicas, sociales y de gobernanza, junto con retroalimentar la actividad académica en la materia.",Investigaciones que contribuyen al resguardo sustentable del Patrimonio Natural de la región.,Número de proyectos de investigación desarrollados por el cuerpo académico de la Institución que contribuyen al resguardo sustentable del Patrimonio Natural de la región y que generan productos evidenciables.,22,Informes de avance y/o cierre de proyectos de investigación desarrollados por el cuerpo académico de la Institución que contribuyen al resguardo sustentable del Patrimonio Natural de la región y que generan productos evidenciables. Entregado por Dirección de Investigación,Bidireccionalidad /Densidad Relacional en las redes establecidas por la Universidad de Aysén con organizaciones delterritorio,(Número de vínculos existentes entre organizaciones del territorio vinculados a patrimonio natural y sustentabilidad y la Universidad /Número total de vínculos posibles entre organizaciones del territorio vinculados a patrimonio natural y sustentabilidad y la Universidad),0.15,"Reporte de gestión de redes, emitido por Dirección de Vinculación con el Medio",,,,,,,,,,,,,"Desarrollar proyectos de docencia universitaria, basados en innovación tecnológica y social (IS) y gestados desde los mecanismos institucionales de gestión territorial, que permitan abordar oportunidades de la región en materia de resguardo sustentable del Patrimonio Natural y retroalimentar estrategias de enseñanza-aprendizaje desarrolladas en la actividad docente.",Docencia de pregrado basada en Innovación Social (IS) y que contribuye a la temática de sustentabilidad con vinculación regional.,Número de cursos de pregrado que explicitan en sus programas la aplicación de metodologías IS y que incluyen la evaluación de proyectos asociados a la temática de sustentabilidad con vinculación regional.,9,Programas de cursos de pregrado que explicitan la aplicación de metodologías IS y que incluyen la evaluación de proyectos asociados a la temática de sustentabilidad con vinculación regional. Entregado por Dirección Académica.,,,,,,,,,,,,,,,,,,,,,,,,,,,,,,,,,,,,,,,,,,,,,,,,,,,,,,,,,,,,,,,,,,,"Talentos para la gestión de la sustentabilidad en la Institución, incorporados",,abr-22,"Modelo de gestión para promover la sustentabilidad como perspectiva transversal en la Institución, diseñado.",,,"Mecanismos para la retroalimentación con actores claves, desde la mirada del aseguramiento de la calidad en docencia e investigación, y de vinculación bidireccional con el entorno, diseñados.",,,"Talentos académicos que aporten al desarrollo de líneas de investigación afines a la temática de sustentabilidad, incorporados.",,,"Mesa de trabajo intersectorial, vinculada al tema de sustentabilidad y patrimonio natural, conformada.",,,,,,"Focos temáticos para el desarrollo de investigaciones asociadas a la temática de sustentabilidad con vinculación regional, levantados.",,,,,,,,,,,,,,,,,,,,,Acta de contratación de Encargado/a Institucional de Gestión de la Sustentabilidad.,,,,,Documento Institucional que presenta primera versión de modelo de gestión para promover la sustentabilidad como perspectiva transversal en la Institución.,,,,,"Instrumentos diseñados que operacionalizan la retroalimentación con actores claves, desde la mirada del aseguramiento de la calidad en docencia e investigación, y de vinculación bidireccional con el entorno",,,,,Actas de contratación de académicos/as con orientaciones disciplinares afines a la temática de sustentabilidad.,,,,,"Actas de sesiones de coordinación con actores claves del medio regional, en donde se explicitan acuerdos asociados a oportunidades de desarrollo de investigaciones orientadas al resguardo sustentable del Patrimonio Natural de la región.",,,,,,,,,,Decreto Universitario que da cuenta de la formalización de la mesa intersectorial.,,,,,,,,,,,,,,,,,,,,,,,,,,,,,
DI,DI-3,20102,DCNT,Primer semillero de investigación e innovación de los estudiantes y para los estudiantes de la Universidad de Aysén,"Dotar al conjunto de estudiantes de las carreras de Ingeniería de un espacio claro y colaborativo de alto nivel que permita desarrollar actividades investigativas, innovadoras y de impacto para la región, y que incida en su formación educativa, creando un Semillero de investigación e innovación.",Desarrollo,"$7,746,000","Potenciar las habilidades de los estudiantes de la universidad en las áreas de investigación e innovación, a través de visitas de los estudiantes, específicamente diseñadas, a grupos de investigación consolidados de otras universidades, conocer experiencias de desarrollo de semilleros y seminarios, que involucren laboratorios e investigaciones que los académicos estén desarrollando.",,,,,,,,,,,,,Desarrollar el primer semillero en la universidad de donde se van a derivar prototipos de acuerdo con el área de interés de cada estudiante integrante del semillero.,,,,,,,,,,,,,,,,,,,,,Diseñar e implementar un Proyecto Piloto de Vinculación Escolar Científica (VEC) en la Escuela Rural de Valle Simpson,,,,,,,,,,,,,,,,,,,,,,,,,,,,,,,,,,,,,,,,,,,,,,,,,,,,,,,,,,,,,,,,,,,,,,,Gestionar compras de lineas de investigacion,,abr-22,Implementar talleres de organizacion de semillero,Contempla la articulacion del equipo de trabajo,dic-22,Realizada la gira tecnologica ,,sep-22,Implementada sesion en Escuela de Invierno,,sep-22,Implementada lineas de investigacion del semillero de investigacion,,dic-22,Organizada espacios de conversacion asociado al seminario,Espacio con actores locales con la presentacion de resultados de los prototipos del semillero,dic-22,,,,,,,,,,,,,,,,,,,,,,Inscripcion en la escuela de Invierno,,,,,Informe de actividades en gira tecnologica,,,,,Pauta de seminario y afiche de la actividad,Puede contener respaldo de las invitaciones a los actores locales,Minuta o tabla del seminario,,,Acta de seguimiento del proyecto,,,,,,,,,,,,,,,,,,,,,,,,,,,,,,,,,,,,,,,,,,,,
DI,DI-4,21991,DI,"Fortalecimiento de la Investigación, la Innovación y la Transferencia de Tecnología, mediante un programa de doctorado en los ámbitos de Naturaleza, Inteligencia, Territorio, Educación y Salud (NITES)","Fortalecer las capacidades académicas y de gestión de la investigación en la Institución, mejorando sus condiciones de desarrollo, su articulación interna, su productividad científica y la transferencia, de manera que la universidad pueda posicionarse en el medio y contribuir desde su actividad científica en los ámbitos de NAturaleza, Inteligencia, Territorio, Educación y Salud (NITES), estableciendo a la vez condiciones institucionales para implementar un doctorado interdisciplinario en dichas materias.",Desarrollo,"$313,231,000","Mejorar la disposición de recursos y oportunidades para la investigación en la Institución, de forma que el cuerpo académico actual y venidero potencie su productividad con orientación interdisciplinaria y foco en patentamiento y transferencia hacia el ámbito social y productivo, de forma articulada con actores clave de la región de Aysén, de la macrozona austral y de la Patagonia chileno-argentina como contexto internacional.",Investigaciones de asociatividad internacional,Número de investigaciones realizadas en conjunto con instituciones y organismos internacionales en el año i,2,"Reporte anual de indicadores del PEDI, entregado por Unidad de Planificación y Coordinación Institucional",,,,,,,,,"Fortalecer las capacidades de apoyo funcional y metodológico para el desarrollo de la investigación, que permitan mejorar sistemáticamente el soporte a la producción, difusión y divulgación de la ciencia desarrollada desde la Institución, con particular foco en su impacto interdisciplinario.",Interdisciplinariedad de proyectos adjudicados,N° de proyectos de investigación interdisciplinarios adjudicados / N° total de proyectos adjudicados,60%,"Reporte anual de indicadores del PEDI, entregado por Unidad de Planificación y Coordinación Institucional",Productividad científica institucional en revistas indexadas de alto impacto,"N° de publicaciones Web of Science (WOS), Scorpus, Scielo en el año i",30,"Reporte anual de indicadores del PEDI, entregado por Unidad de Planificación y Coordinación Institucional",Productividad científica en proyectos externos ,Número de proyectos adjudicados con fondos externos en el año i,10,"Reporte anual de indicadores del PEDI, entregado por UPCI",,,,,,,,,"Contratar investigadores e investigadoras de disciplinas y planes de desarrollo convergentes, en el marco de un claustro académico en materias NITES, logrando posicionar en el medio las capacidades académicas institucionales con orientaciones interdisciplinaria.",Acompañamiento en proyectos de investigación,Número de proyectos adjudicados que han sido acompañados por gestión institucional en año i,5,"Reporte de gestión anual, entregado por Unidad de Desarrollo de la Investigación",Acompañamiento en publicaciones cientificas de alto impacto,"N° de publicaciones WOS, Scorpus, Scielo publicadas que han sido acompañadas por gestión institucional en año i",10,"Reporte de gestión anual, entregado por Unidad de Desarrollo de la Investigación",,,,,,,,,,,,,"Diseñar propuestas e iniciativas conducentes a la generación de transferencia tecnológica, educación continua, servicios y consultorías especializadas, de forma articulada con el cuerpo académico y en sintonia a áreas de investigación NITES, que permitan avanzar a la madurez tecnológica desde la actividad científica de la Universidad de Aysén",Patentamiento desde la Institución,Número de patentes generadas desde la Investigación Institucional,2,"Reporte de resultados de transferencia, entregado por la Unidad de Innovación, Tecnología y Transferencia.",Articulación de niveles formativos,Número de estudiantes que participan en diversos niveles de programas de la Instituciónvía mecanismos de articulación,2,"Reporte de resultados de transferencia, entregado por Dirección Académica ",,,,,,,,,,,,,,,,,,,,,,,,,,,,,,,,,,,,,,,,,,"Brechas en torno a capacidades de equipamiento, de infraestructura y asoociatividad en apoyo a la investigación para el cuerpo académico instalado, diagnosticadas.",,dic-22,"Equipo de gestión de la investigación que entrega soporte al quehacer científico de la institución, y de capacidades para gestionar la iniciativa, fortalecido.",,dic-22,"Académico/a para el diseño y la gestión del claustro académico NITES, instalado",,jun-22,"Áreas específicas, plan de trabajo y proyección de claustro para investigación interdisciplinaria en NITES, diseñados.",,dic-22,"Claustro académico inicial NITES, desplegado.",,jun-22,"Estrategia institucional para impulsar la protección temprana de los resultados susceptibles de licenciamiento y protección intelectual, diseñada",,jun-22,,,,,,,,,,,,,,,,,,,,,,"Documento de diagnóstico cuantitativo y cualitativo, entregado por Unidad de Desarrollo de la Investigación",,,,,"Actas de contrataciones de profesionales, entregado por Unidad de Desarrollo de Personas.",,,,,"Actas de contratación, entregado por la Unidad de Desarrollo de Personas",,,,,"Actualización de especificación de líneas y áreas de investigación institucional, incluyendo proyección en NITES, entregado por la DI",,,,,"Actualización de especificaciones de líneas y áreas de investigación institucional, incluyendo proyección en NITES, entregado por Dirección de Investigación.","Documento de estrategia para impulsar área de licenciamiento y transferencia, entregado por Unidad de Innovación, Tecnología y Transferencia",,,,,,,,,,,,,,,,,,,,,,,,,,,,,,,,,,,,,,
DPAC,DPAC-1,1856,DPAC,Avanzando hacia la implementación del Plan Estratégico de la Universidad de Aysén,"Implementar las acciones estratégicas para el desarrollo de las áreas de Pregrado, Postgrado, Investigación, Vinculación con el Medio y Gestión Institucional, a través de mecanismos de aseguramiento de la calidad, de acuerdo con lo establecido en el Plan Estratégico de Desarrollo Institucional de la Universidad de Aysén 2018-2022",Desarrollo,"$91,850,000","Avanzar en la implementación del área Docencia, conforme a los objetivos estratégicos y operativos del Plan Estratégico de la Universidad de Aysén",,,,,,,,,,,,,"Avanzar en la implementación del área POSTGRADO, conforme a los objetivos estratégicos y operativos del Plan Estratégico de la Universidad de Aysén",,,,,,,,,,,,,,,,,,,,,"Avanzar en la implementación del área Investigación, conforme a los objetivos estratégicos y operativos del Plan Estratégico de la Universidad de Aysén",,,,,,,,,,,,,,,,,,,,,"Avanzar en la implementación del área Vinculación con el Medio, conforme a los objetivos estratégicos y operativos del Plan Estratégico de la Universidad de Aysén",,,,,,,,,"Diseñar e implementar un modelo de gestión de aseguramiento de la calidad en la Universidad de Aysén, a nivel institucional",,,,,,,,,,,,,,,,,Avanzar a la Internacionalización de la Universidad de Aysén,,,,,,,,,Fortalecer la unidad de equidad de género de la Universidad a través del desarrollo de acciones encaminadas a la implementación y posicionamiento institucional de la temática,,,,,"Proyectar el trabajo en red entre las universidades estatales para el período 2018-2020, identificando mecanismos de colaboración, acciones y programas de carácter permanente”.",,,,,Participar en mesas técnicas convocadas por el Comité de Plan de Fortalecimiento Universidades Estatales.,,,,,"Líneas de investigación en áreas estratégicas del desarrollo regional, instaladas",,jun-22,Habilitación Sala de simulación en Campus Lillo,,mar-22,Gestión y formación docencia clínica en carreras de sal,,mar-22,Desarrollo de oferta de Diplomado anuales y 1 magister al año 2020,,abr-22,"Plan de Productividad Científica, diseñado e implementado",,mar-22,Política de género diseñada y aprobada,,,,,mar-22,,,,,,,,,,,,,,,,,,,Documento Plan Operativo de Línea de Investigación,,,,,Informe de resultados de innovaciones en la docencia,,,,,Informe anual de resultados de la docencia clínica,,,,,Documento Plan de Productividad Científica,,,,,Documento Plan Operativo de Línea de Investigación,,,,,,,,,,,,,,,,,,,,,,,,,,,,,,,,,,,,,,,
DPAC,DPAC-2,1999,DPAC,Fortaleciendo la calidad en la Docencia y la Investigación en la Universidad de Aysén a través de la implementación del Modelo Educativo de la Universidad de Aysén,"Mejorar la calidad en las áreas de Docencia de Pregrado e Investigación de la Universidad de Aysén, a través de mecanismos de perfeccionamiento-acompañamiento docente y del desarrollo de líneas de investigación con pertinencia al Modelo Educativo Institucional y a la región, incorporando transversalmente mejoras en la gestión institucional que tributen a estos propósitos",Desarrollo,"$211,708,000",Diseñar e instalar la Unidad de Mejoramiento y Acompañamiento Docente para la implementación efectiva del Modelo Educativo de la Universidad de Aysén.,Porcentaje de cursos sobre los cuales se han desarrollado apoyos metodológicos e innovaciones en la docencia.,N° de cursos con apoyos o innovados / N° total de cursos,50%,Informe anual Director/a Académico,Cobertura de las capacitaciones a los académicos de innovación en la docencia,N° académicos capacitados/ N° total de académicos,80%,Certificado de Secretaría Académica,Porcentaje de aprobación de cursos/programas sobre los cuales se han desarrollado apoyos metodológicos,N° de estudiantes que aprobaron los cursos / N° de estudiantes que rindieron los cursos,85%,Certificado de Secretaría Académica,"Potenciar la investigación de la Universidad de Aysén por medio de la instalación y desarrollo de líneas pertinentes, potenciando el recurso humano, el equipamiento y la instalación de programas de formación avanzada.",Conformación de Claustros Académicos,N° de claustros académicos conformados,1,Decreto de la conformación de claustros,Número de publicaciones Indexadas,N° de publicaciones indexadas,35,Reporte de análisis institucional,"Medición de impacto citaciones WOS 8, Scopus 9","Puntaje de Impacto citaciones WOS, Scopus",5%,Reporte de análisis institucional,Proyectos de investigación adjudicados,Número de proyectos adjudicados,19,Convenios de proyectos adjudicados,Promedio de satisfacción de asistentes a cursos de Educación Continua,"N° de asistentes a cursos impartidos por la UAysen13, que declaran satisfacción al curso/N° total de asistentes a cursos impartidos por la UAYSEN *100",80%,Certificado de Secretaria Académica,Diseñar un modelo de Gestión Institucional que tribute a la docencia e investigación.,Proporción de puestos del personal de Colaboración con perfil definido,N° de perfiles definidos / N° de profesionales de colaboración de la institución,1,Documentación de perfiles de cargo,Número de procesos institucionales implementados,N° de procesos institucionales implementados,15,Decreto procesos implementados,,,,,,,,,,,,,"Consolidar e Incrementar la participación activa de las Universidades del Estado en el Programa de Movilidad Estudiantil de Pregrado, aumentando los cupos efectivos disponibles y generando una red de responsables de movilidad nacional, que permita la evaluación, monitoreo y mejora permanente del sistema.",Número de estudiantes que concretan una actividad de movilidad estudiantil de pregrado en cada uno de los procesos,N° de estudiantes que concreta la actividad de movilidad /N° de cupos disponibles por universidad,100%,Informe de Movilidad,,,,,"Desarrollar de manera colaborativa dispositivos institucionales que permitan la instalación y apropiación de la formación de ciudadanos, según establece la Ley de Universidades Estatales.",Número de Acciones Comunicacionales desarrolladas,N° Acciones del Plan/Acciones realmente ejecutadas,1,Informe de resultado implementacion de la estrategia comunicacional,Numero de perfiles de egreso institucionales analizados,N° Perfiles de Egreso analizados/N° Universidades Estatales,1,Informe de analisis de perfiles de egreso,Número de Modelos Educativos Institucionales analizados,N° Modelos Educativos analizados/ N° Universidades Estatales,100%,Informe de analisis de modelos educativos,Actores capacitados en formacion ciudadana,Numero de actores capacitados,70,Informe de asistenicas a actividades de capacitacion,,,,,,,,,,,,,,,,,,,,,,,,,Unidad de mejoramiento y acompañamiento docente formalizada,,jun-22,Programa de perfeccionamiento academico implementado,,nov-22,Programa de perfeccionamiento academico evaluado y mejorado,,nov-22,Plan de trabajo para el desarrollo de lineas de investigación en la Universidad de Aysén elaborado,,jun-22,Iniciativas condicentea al desarrollo de las lineas de investigacion institucionales diseñadas,,jul-22,Iniciativas conducentes al desarrollo de las lineas de investigacion institucionales implementadas,,ago-22,Programas de educacion continua diseñados,,ago-22,Programas de educacion continua implementados,,nov-22,Modelo de Gestión Institucional propuesto y validado,,jun-22,Perfiles de cargo que tributen a la docencia e investigación institucional levantados y evaluados,,nov-22,Sistemas de información que tributen a procesos en el ámbito de la docencia e investigación desarrollados.,,jun-22,Desarrollo de las actividades de la red de movilidad estudiantil de pregrado,,dic-22,Desarrollo de las actividades de la red de formacion ciudadan de las universidades del estado,,dic-22,Propuesta De Organigrama de restructuracion de la Escuela de Pregrado,,,,,Informe de evaluaciones de las iniciativas implementadas,,,,,Informe de evaluacion de impacto de los programas implementados,,,,,Plan de trabajo del desarrollo de lineas de investigacion,Documento que sistematice las lineas de investigacion,Plan de trabajo formalizado,,,Formalizacion de iniciativas conducentes de las lineas de investigacion,Debe contener los perfiles de los academicos validados,Documento de las iniciativas formalizadas,,,Informe de la implementacion de las lineas de investigación,Contratos de doctores,Reporte de implementacion de iniciativas desarrolladas,,,Diseño de programas de educacion continua,Decreto que aprueba politica de postgrado y formacion continua,Calendario academico,,,,,,,,,,,,,,,,,,,,,,,,,,,
DPAC,DPAC-3,20991,DAC,Fortaleciendo el desarrollo académico en la Universidad de Aysén,"Desarrollar capacidades asociadas al desarrollo y a la gestión académica, que permitan consolidar y operacionalizar las responsabilidades en la materia, proyectar objetivamente el crecimiento del cuerpo académico, consolidar los roles y el soporte operativo de gestión al interior de los departamentos académicos, junto con articular estos mecanismos con el sistema de aseguramiento de la calidad institucional.",Desarrollo,"$27,364,000","Implementar ajustes en la orgánica institucional que contribuye al desarrollo académico, para consolidar las responsabilidades institucionales en el ámbito y para instalar capacidades operativas que les den un soporte apropiado para el desarrollo de acciones de despliegue en el corto plazo.",Acciones institucionales con impacto en el fortalecimiento del cuerpo académico,N° de actividades realizadas en el ámbito de desarrollo académico y fortalecen el cuerpo académico ,6,"Reporte anual de actividades en el ámbito de desarrollo académico, incluyendo resultados cuantitativos de impacto sobre fortalecimiento del cuerpo académico, emitido por Dirección Académica.",,,,,,,,,"Desarrollar una proyección de largo plazo del cuerpo académico, articulada con el Plan de Fortalecimiento, que permita orientar las contrataciones de académicos en los próximos años, atendiendo a criterios de aseguramiento de la calidad y sustentada en información gestionada de forma eficiente.",Grado de implementación de la proyección del cuerpo académico,"(N° de JCEs efectivamente desarrolladas por el cuerpo académico, según función) / (Total de JCEsproyectadas para el cuerpo académico, según función)",10%,"Reporte cuantitativo (JCE, clasificación por función académica) anual de desarraollo del cuerpo académico, emitido por área de Desarrllo Académico.",,,,,,,,,,,,,,,,,"Extender el sistema de aseguramiento de la calidad institucional al contexto de los departamentos académicos, para fortalecer su gestión interna e instalar procesos de autoevaluación periódica, soportados por instalación de capacidades tanto en los mismos departamentos como en la gestión institucional.",Progresión en la autoevaluación de los departamentos académicos.,N° de procesos de autoevaluación de departamentos académicos ejecutados y que generan un Plan de Mejora.,2,"Planes de mejora, entregados por el área de Aseguramiento de la Calidad",,,,,,,,,,,,,,,,,,,,,,,,,,,,,,,,,,,,,,,,,,,,,,,,,,,,,,,,,,,,,,,,,,,"Funciones y estructura orgánica del desarrollo académico en la Universidad, estableciendo sus alcances en coherencia a la complejidad Institucional y a las necesidades de despliegue operativo del área",,jun-22,Directrices institucionales para el desarrollo académico en la Universidad articulados coherentemente con la estrategia institucional y respondiendo a una proyección para al menos los próximos 3 años.,,dic-22,"Proyección a largo plazo sobre crecimiento de cuerpo académico, articulada con el Plan de Fortalecimiento, construido en conjunto a unidades académicas y sustentada en criterios de aseguramiento de la calidad para la consolidación del cuerpo académico y de claustros académicos según estándares de acreditación (CNA).",,dic-22,"Mecanismos institucionales de aseguramiento de la calidad para la organización y la gestión interna de los departamentos en torno a la docencia, investigación y vinculación con el medio.",,,,,,,,,,,,,,,,,,,,,,,,,,,,,,"Decreto universitario que formaliza ajustes en estructura organizacional y funciones asociadas a desarrollo académico, entregado por SG",,,,,Decreto Universitario que formaliza el Plan Estratégico de Desarrollo de la Dirección Académica,,,,,"Decreto de reglamento general para el funcionamiento y organización de los departamentos académicos, entregado por SG.",,,,,"Instrumento formal que especifica la proyección y su articulación con las funciones de docencia e investigación en los departamentos académicos, objetivando en base a cuantificación de JCE, entregado por DAC",,,,,,,,,,,,,,,,,,,,,,,,,,,,,,,,,,,,,,,,,,,,
DPAC,DPAC-4,RED20993,AI,Implementación y consolidación de un Sistema de Información de Universidades del Estado,"Contribuir al fortalecimiento de las universidades del estado por medio de la implementación de un Sistema de Información que provea de evidencia e indicadores de gestión comparables, orientados a dar respuesta a los desafíos prospectivos y estratégicos del sistema de universidades del Estado en su conjunto, junto con favorecer el desarrollo de las capacidades de análisis de las instituciones a través del fortalecimiento de las recursos técnicos y tecnológicos que cada institución requerirá para su implementación.",Desarrollo,$0,Fortalecer las competencias digitales y las capacidades tecnológicas que permitan disponer y proporcionar información estratégica actualizada y oportuna acorde a las necesidades de información de las instituciones y del sistema de universidades del Estado.,Diseño y levantamiento requerimientos información,"N° de universidades estatales con levantamiento de requerimientos de datos, indicadores y capacidades tecnológicas",100%,"Informe de levantamiento de requerimientos de datos, indicadores y capacidades tecnológicas por institución",,,,,,,,,"Consolidar el sistema de indicadores a través de tres ámbitos de trabajo: i) fortalecimiento del soporte informático de la plataforma común, ii) aumento del alcance y espectro de los indicadores, y iii) difusión de sus funcionalidades y promoción de su uso.",Integración,(Tasa de Universidades con sistema integrado funcionando/ Total Universidades Sistema Estatal) *100,100%,Reportes de dashboard que incluyen indicadores del sistema integrado UE por institución,Nivelación Competencias,(N° Instituciones con Plan de capacitación implementado / total de instituciones estatales)*100,100%,Informe plan de capacitación implementado por institución,Plataforma BI,N° Paneles de indicadores del sistema de educación superior creados según ámbito,4,Paneles de indicadores funcionando y disponibles para su acceso a usuarios clave,,,,,,,,,"Generar reportes y estudios comparados que orienten la toma de decisiones al interior de las casas de estudio y que contribuyan al aseguramiento de la calidad de cada una de sus instituciones, así como al posicionamiento del sistema estatal de universidades en la discusión pública.",Reportes y Estudios,N° reportes y estudios elaborados por año,2,Reportes y estudios elaborados por año usando sistema de información universidades estatales,,,,,,,,,,,,,,,,,,,,,,,,,,,,,,,,,,,,,,,,,,,,,,,,,,,,,,,,,,,,,,,,,,,"Las Instituciones cuentan con capacidades tecnológicas de almacenamiento, soporte (mantención y mesa de ayuda), acceso, y visualización adecuadas para participar del sistema de indicadores de universidades estatales",,jun-22,Profesionales de Análisis Institucional de las 18 universidades estatales con competencias técnicas habilitantes para utilizar bases de datos y procedimientos analíticos para determinar y visualizar indicadores y realizar análisis big data,,dic-22,Capacitaciones realizadas en el uso del dato (data coaching) y en herramientas analíticas de inteligencia institucional.,,dic-22,Indicadores estratégicos para el fortalecimiento del sistema de universidades del Estado desarrollados mediante el análisis de mejores prácticas en los sistemas públicos de educación superior en países referentes.,,,Paneles de indicadores del sistema de educación superior chileno implementados con tecnología BI para el conjunto de las universidades estatales,,,Elaboración de reportes y estudios piloto según los tipos de perfiles de usuarios.,,,Estudios elaborados presentados en talleres específicamente preparados para los usuarios respectivos.,,,Estudios evaluados por parte de los usuarios,,,,,,,,,,,,,,,,,,"Reporte consolidado de capacitaciones, software habilitante y equipamiento disponible",,,,,Participantes y certificados de capacitaciones realizadas,,,,,Plan de Capacitación Nóminas asistencia capacitaciones,,,,,Reporte de evaluación sobre efectividad de los estudios provistos,,,,,Reporte de talleres realizados.,,,,,Reportes o estudios elaborados usando sistema de información universidades estatales.,,,,,,,,,,,,,,,,,,,,,,,,,,,,,,,,,,
DPAC,DPAC-5,21992,DPAC,Implementación del Modelo de Gestión Institucional: Fortaleciendo capacidades estratégicas y transversales de gestión en la Universidad de Aysén,"Fortalecer capacidades de gestión institucional, por medio de la instalación de nuevas áreas estratégicas de desarrollo y de la descentralización de funciones y responsabilidades transversales, que permitan desplegar y operacionalizar mecanismos de aseguramiento de la calidad fundamentales en la primera etapa de implementación del Modelo de Gestión Universitario (MGU) de la Universidad de Aysén.",Desarrollo,"$61,024,000","Instalar capacidades de diseño organizacional en la Institución, permitiendo a través del perfeccionamiento y proyección sostenible de los equipos de trabajo una mejora en la productividad de la gestión universitaria.",Productividad de los equipos de gestión,Promedio de logro de hitos del plan operativo anual en plazos comprometidos y en periodo semestral,50%,"Reporte de productividad en articulación a Plan Operativo Anual, entregado por Dirección de Planificación y Aseguramiento de la Calidad",,,,,,,,,"Desarrollar competencias y estrategias para diversificar los recursos financieros institucionales, transitando hacia una implementación que permita reducir la brecha entre el gasto operativo y la generación de ingresos desde el quehacer universitario.",Diversificación de recursos financieros en el mediano plazo,MIF(t): Monto de ingresos financieros en el periodo t distintos del pregrado o aranceles en el periodo (MM$) [MIF(t)-MIF(t-1)] / MIF(t),17%,"Reporte de ejecución presupuestaria con detalle de ingresos, entregado por Unidad de Finanzas.",,,,,,,,,,,,,,,,,"Desarrollar competencias comunicacionales y metodológicas para la gestión del cambio asociada a funciones estratégicas de la Institución, permitiendo generar una mayor alineación entre el quehacer universitario con la misión, particularmente con las necesidades de la actividad académica.",Percepción de las comunicaciones internas,% de aumento de encuestas a actores internos que resultan satisfactorias respecto a la percepción de las comunicaciones,10%,"Resultado de encuesta de percepción de comunicaciones internas, entregado por Gabinete.",Satisfacción de servicios universitarios que aportan a la misión,% de encuestas de satisfacción con resultados favorables en torno a la calidad de los servicios entregados al quehacer académico,65%,"Informe de resultados de la medición sobre gestión de cambio, entregado por Gabinete.",,,,,,,,,,,,,"Implementar mecanismos institucionales de gestión de información, gobierno de datos e inteligencia de negocios, que permitan transitar hacia procesos de toma de decisión sobre aspectos prioritarios de la gestión universitaria y basados en información generada desde mecanismos tecnológicos",Uso de información en procesos de decisión estratégico,% de decisiones estratégicas tomadas con disponibilidad de información en soporte a su definición,50%,"Sistematización de acuerdos y mecanismos de toma de decisión en instancias directivas, entregado por Gabinete",Modernización tecnológica en soporte al conocimiento sobre la Institución,Número de requerimientos de información estratégica que disponen de información y datos sistematizados a través de TICs,5,"Reporte de caracterización de requerimientos de información estratégica, entregado por área de Análisis Institucional","Innovar en el diseño de componentes organizacionales que otorguen flexibilidad y descentralización sobre la estructura existente, y que de forma articulada con la planificación operativa de la institución permitan mejorar la eficiencia en la articulación y desempeño de los equipos de gestión.",Eficiencia de componentes organizacionales ágiles,Porcentaje de logro de resultados planificados en el periodo y en donde contribuyen componentes organizacionales ágiles,50%,"Reporte de seguimiento anual de indicadores del PEDI, entregado por área de Análisis Institucional",Percepción de impacto de componentes organizacionales ágiles en funcionamiento institucional,% de encuestas de percepción con resultados favorables en torno al impacto de componentes organizacionales ágiles en la gestión,75%,"Resultados de encuesta de percepción, entregado por área de Análisis Institucional",,,,,,,,,,,,,,,,,,,,,,,,,,,,,,,,,"Profesional para desarrollar funciones de diseño organizacional en la gestión universitaria, contratado/a.",,jun-22,"Diagnóstico de situación actual en materia de productividad de la gestión universitaria y su relación con la conformación de equipos de trabajo, elaborado.",,dic-22,"Profesional para desarrollar funciones de diversificación y sostenibilidad financiera, contratado/a",,may-22,"Profesional para desarrollar funciones de comunicaciones internas y gestión de cambio en la Institución, contratado/a",,jun-22,"Diagnóstico de situación actual en materia de gestión de las comunicaciones internas y necesidades de gestión de cambio en coherencia a la misión universitaria, elaborado.",,dic-22,"Diagnóstico de brechas institucionales respecto a gobernanza de datos y estandarización de procesos de gestión de información, elaborado.",,jun-22,"Modelo inicial de gestión documental institucional con orientación a la toma de decisiones, diseñado e implementado",,dic-22,Diagnóstico de las políticas de calidad de vida estudiantil realizado,,dic-22,Marco interpretativo común traducido en una política de calidad de vida en las Universidades del Estado elaborado,,dic-22,"Compendio de acciones colaborativas para la mejora de la calidad de la vida estudiantil, que promuevan culturas preventivas y factores protectores de las y los estudiantes formulados",,dic-22,Plan de trabajo colaborativo SUE para la calidad de vida estudiantil diseñado,,dic-22,Actividades de capacitación en género y herramientas para la igualdad ejecutadas,,dic-22,,,,Actas de contratación,,,,,,,,,,,,,,,,,,,,,,,,,,,,,,,,,,,,,,,,,,,,,,,,,,,,,,,,,,,
DVCM,DVCM-1,1995,TE,Centro de Innovación Social para el Desarrollo Regional de Aysén: InnovAysén,"Explorar, definir e implementar el concepto de Innovación Social en la Universidad, como una forma de aproximación a los desafíos de una Vinculación con el Medio.",Desarrollo,"$163,220,000","Diseño de un modelo de gestión para la política de VcM, desde la perspectiva de la Innovación Social, que se articule con las direcciones académicas y de investigación.",Número de instituciones asistentes al lanzamiento oficial del centro,N° de instituciones asistentes al lanzamiento oficial del centro,15,Listado de Asistentes indicando la organización a la que representa,"Número de seminarios, charlas realizadas","N° de seminarios, charlas realizadas en el año i",2,Programa de cada actividad y listado de asistentes de cada actividad,Porcentaje de actividades del Plan Operativo realizadas,N° de actividades del Plan Operativo del núcleo de educación escolar realizadas en el año i/ N° de actividades del Plan Operativo del núcleo de educación escolar programadas en el año i*100,90%,Cuenta Anual del Núcleo,"Implementación del Centro de Innovación social, a través de la implementación de un núcleo de educación escolar",Número de Estudios y/o Informes asociados al Núcleo de Educación Escolar,N° de Estudios y/o Informes asociados al Núcleo de Educación en el año i,2,Documentos,Programa de mejoramiento de la calidad de la Educación para la Región de Aysén,"Programa de mejoramiento de la calidad de la Educación para la Región de Aysén, desarrollado",1,Documento programa,,,,,,,,,,,,,,,,,,,,,,,,,,,,,,,,,,,,,,,,,,,,,,,,,,,,,,,,,,,,,,,,,,,,,,,,,,,,,,,,,,,,"Centro de innovación social de la Universidad de Aysén, creado",,sep-22,"Mesa Intersectorial de Educación Escolar, instalada",,may-22,"Necesidades estratégicas de la región en el área de educación escolar, levantadas.",,jul-22,"Capacidades institucionales para responder a las necesidades regionales, levantadas",,abr-22,"Propósito del Núcleo y plan operativo, desarrollado",,jul-22,Plan de trabajo de mejoramiento de la calidad de la educación regional desarrollado,,sep-22,,,,,,,,,,,,,,,,,,,,,,Documento Plan Estratégico,,,,,Documento de formalización de la conformación de la Mesa,,,,,Documento de diagnóstico,,,,,Informe de análisis de las capacidades Instaladas,,,,,Plan operativo del núcleo,Debe contener la cuenta anual del núcleo,,,,Oficio de mejoramiento de la educación escolar,Debe enviar a Seremi de Educación,Debe contener aspectos para financiamiento público,,,,,,,,,,,,,,,,,,,,,,,,,,,,,,,,
DVCM,DVCM-2,2095,TE,"Implementación del Modelo de Gestión Territorial de la Universidad de Aysén: Conectando la docencia e investigación en los terriotiros Litoral Norte Aysén, Aysén Queulat y provincia de Glaciares.","Operacionalizar el Modelo de Gestión Territorial  de la Universidad de Aysén en tres zonas territoriales litoral norte, Aysén-Queulat y Glaciares, por medio de mecanismos metodológicos de coordinación, tecnologías para la comunicación y una Gobernanza Territorial de la Institución centrada en Consejos Sociales Territoriales.",Desarrollo,"$338,837,000",Diseñar los mecanismos que permitan la operacionalización del Modelo de Gestión Territorial de la Universidad de Aysén en las localidades extremas de la región.,Número de convenios para la colaboración con actores de localidades extremas del territorio.,Número de convenios,6,Convenios formalizados,,,,,Número de profesionales involucrados en trabajo territorial de las direcciones y departamentos capacitados en la operación del MGT,Número de profesionales capacitados/as,24,Certificados de capacitación.,Desplegar y ajustar los mecanismos operativos del MGT en localidades prioritarias de la región.,Número de dirigentes-agentes públicos/privados inscritos formalmente en Consejos Sociales Territoriales instalados en los territorios jerarquizados.,Número de consejos sociales territoriales,45,Registro formal de dirigentes-agentes públicos/privados en Consejos Sociales Territoriales instalados en los territorios jerarquizados.,Porcentaje de asistencia de dirigentes-agentes públicos y/o privados inscritos formalmente en Consejos Sociales Territoriales instalados en los territorios jerarquizados,(N° de asistencias de dirigentes-agentes públicos y/o privados inscritos formalmentena sesiones ordinarias de los Consejos Sociales Territoriales instalados en los territorios jerarquizados / N° de dirigentes-agentes públicos y/o privados registrados en sesiones ordinarias de los Consejos Sociales Territoriales instalados en los terriotrios jerarquizados) *100,70%,Registro de Asistencia de sesiones ordinarias de Consejos Sociales Territoriales instalados en los territorios jerarquizados.,,,,,Porcentaje de dirigentes-agentes públicos y/o privados inscritos formalmente en Consejos Sociales Territoriales instalados en los territorios jerarquizados con alto grado de satisfacción a las actividades realizadas por la Universidad de Aysén.,(N° de dirigentes-agentes públicos y/o privados inscritos formalmente en Consejos Sociales Territoriales instalados en los territorios jerarquizados con alto grado de satisfacción a las actividades realizadas por la Universidad de Aysén / N° de dirigentes-agentes públicos-privados inscritos formalmente en Consejos Sociales Territoriales instalados en los terriotrios jerarquizados encuestados para medir grado de satisfacción a las actividades realizadas por la Universidad de aysén) *100,60%,Infome de resultados aplicación de Encuesta para medir grado de satisfacción a las actividades realizadas por la Universidad de Aysén,,,,,"Implementar iniciativas en ámbito de la docencia y la investigación orientadas a las necesidades de las localidades, que permitan el uso y la retroalimentación de los mecanismos operativos del MGT","Número de asignaturas, académicos y estudiantes participantes en inciativas de aprendizaje + servicio",- N° de asignaturas- N° de académicos- N° Estudiantes,6,Informes de resultados de iniciativas,Número de iniciativas de investigación de índole interdisciplinario y/o aplicada formuladas en conjunto con actores de los territorios jerarquizados.,Número de proyectos de investigación formulados,3,Informes de  resultados de iniciativas,,,,,,,,,"Número de tecnologías, productos, procesos y servicios diseñadas acorde al contexto de territorios jerarquizados","N° de tecnologías, productos, procesos y servicios diseñados",3,Informes de  resultados de iniciativas,,,,,,,,,,,,,,,,,,,,,,,,,,,,,,,,,,,,,,,,,,,,,,,,,,,"Propuesta metodológica para implementar canales de coordinación y Consejos Sociales Territoriales para las localidades en el marco del Modelo de Gestión Territorial, confeccionada.",,mar-22,"Modelo de gestión territorial, que contenga componentes metodológicos, estratégicos y funcionales que permitan su operacionalización, actualizado.",,,"Mecanismos de monitoreo, evaluación y retroalimentación del MGT, diseñados.",,,"Vinculos con actores regionales de los diversos territorios para operacionalizar el MGT, formalizados.",,,Conjunto de consejos sociales territoriales desarrollados para levantar colaboraciones con la Universidad.,,,,,,Actores de las localidades priorizadas capacitadas sobre aspectos metodológicos de la operación del MGT.,,,,,,,,,,,,,,,,,,,,,Metodología para poner en operación el Modelo de Gestión Territorial.,Revisión de antecedentes bibiliográficos,,,,MGT actualizado,,,,,Informe que reporta sobre las oportunidades y focos de colaboración de la Universidad con los territorios en el ámbito de la docencia y la investigación.,,,,,Certificados entregados por la institución a los actores capacitados en aspectos metodológicos asociados a la operación del Modelo de Gestión Territorial.,,,,,,,,,,,,,,,Mecanismos documentados e incorporados al Modelo de Gestión Territorial.,,,,,,,,,,,,,,,,,,,,,,,,,,,,,
DVCM,DVCM-3,20993,DI,Fortaleciendo la institucionalidad para la creación de centros de investigación/docencia que impacten socialmente en el territorio.,"Desarrollar la institucionalidad para la creación y formalización de Centros de Investigación y/o Docencia interdisciplinares, que surgen en el seno de las Unidades Académicas para impactar socialmente en el territorio, dando soporte a la implementación de iniciativas piloto que propendan a la autosustentabilidad.",Desarrollo,"$363,123,000","Definir la normativa y reglamentación que permita la creación de centros de investigación y/o docencia de la Universidad a través del trabajo interdisciplinario entre las Unidades Académicas, aportando con ello a la solución de problemáticas y desafíos territoriales.",Porcentaje de participación académicos en iniciativas de formación y proyectos piloto.,(Número de académicos que participan en iniciativas de formación y proyectos piloto / Número Total de académicos de la planta universitaria) * 100,40%,Informe anual de evaluación de actividades académicas desarrollado por cada académico que participa en proyectos piloto. Emitido por jefaturas de Departamento,Compromiso interdisciplinario departamentos en proyectos piloto,N° proyectos piloto en los cuales participan conjuntamente académicos de los tres departamentos y/o unidades académicas de la UAysén,1,Diseño de proyectos piloto aprobados por Equipo Directivo proyecto. Emite DVCM,,,,,Desarrollar Proyectos Piloto (prototipos) de Centros de Investigación y/o Docencia de la Universidad de Aysén que tengan en su base la participación interdisciplinaria de las Unidades Académicas y que propendan a resolver problemas y desafíos que impacten socialmente en el territorio regional.,Colaboración con Centros de investigación/docencia a escala nacional e internacional,(N° de convenios establecidos con centros de investigación/docencia a escala nacional e internacional con alto grado de avance en sus planes de trabajo (>67%)) / N° de convenios establecidos con centros de investigación/docencia a escala nacional) *100,35%,"Informe anual, emitido por DVCM sobre estado de convenios decretados.",Transferencia tecnológica y de conocimiento a organizaciones y/o instituciones del contexto regional.,N° de organizaciones e instituciones del contexto regional que adoptan servicios y/o asesorías y/o productos derivados de la investigación realizada en los proyectos piloto de centros.,1,"Informe anual emitido por la DI que contenga certificados de la entidad del sector involucrado que acredita convenio, describiendo: la adopción, beneficio generado para la entidad, fecha de implementación o incoporacion.",,,,,,,,,,,,,,,,,,,,,,,,,,,,,,,,,,,,,,,,,,,,,,,,,,,,,,,,,,,,,,,,,,,,,,,,,,,,,,,,,,,,"Realizado un Estudio de sostenibilidad financiera, jurídica y administrativa que permita dar soporte al reglamento universitario de Creación de Centros.",,jul-22,Establecido un Reglamento creación de Centros de Investigación y Docencia que impacten socialmente a la Universidad de Aysén.,,jun-22,"Realizado un estudio de evaluación de los prototipos de Centros de Investigación y/o Núcleos de Docencia, con base en los parámetros establecidos en el modelo de gestión institucional",,dic-22,Diagnosticados al menos 5 proyectos e iniciativas de investigación aplicada/docencia de la Universidad.,,jun-22,Al menos 3 proyectos piloto (prototipos) de investigación/docencia de la Universidad de Aysén son creados y cuentan con financiamiento (vía fondo concursable proyecto) para impulsar iniciativas.,,jul-22,Establecidas Al menos 3 alianzas estratégicas establecidas con centros complejos de investigación/docencia a nivel nacional y/o internacional.,,dic-22,,,,,,,,,,,,,,,,,,,,,,Reglamento creación de Centros de Investigación y Docencia que impacten socialmente a la Universidad de Aysén.,,,,,Acta resolución Fondos Concursables,,,,,,,,,,,,,,,,,,,,,,,,,,,,,,,,,,,,,,,,,,,,,,,,,,,,,,
DVCM,DVCM-4,2193,EXT,"Música y Juventud de Aysén, relevando el talento regional.","Fortalecer las capacidades artístico - musicales de estudiantes secundarios de establecimientos municipales de Puerto Aysén y Coyhaique y estudiantes de la Universidad de Aysén, a través la implementación de un ensamble musical institucional y actividades formativas artístico musicales, para aportar al desarrollo y formación Integral de los estudiantes, otorgándoles un sentido de pertenencia hacia la Universidad de Aysén con énfasis en la identidad Regional",Desarrollo,"$8,902,000",Instalar capacidades de gestión y articulación con actores claves para el desarrollo del proyecto.,Convenios generados para la ejecución del proyecto,"Número de Convenios /anexos, formalizados y decretados semestre t",2,"Convenios /anexos, formalizados y decretados con actores claves Emite: Secretaría General",,,,,,,,,"Generar e implementar actividades formativas que potencien las habilidades artísticas musicales de los/as estudiantes de Enseñanza Media y de la Universidad de Aysén, a través de una metodología de cocreación y aprendizaje recíproco basado en lo establecido en la Política de Vinculación con el Medio institucional.",,Número de estudiantes UAysén que participan en la iniciativa.,10,Listado de Estudiantes participantes en el proyecto de la UAysén. Emite: DAC,,Número de estudiantes secundarios que participan en la iniciativa,15,Listado de Estudiantes secundarios participantes en el proyecto Emite: Establecimientos Educacionales.,,Porcentaje de asistencia anual en los ensayos (N° de asistentes/N° de inscritos)X 100%,50%,Lista Asistencia Emite: DVcM,,Porcentaje de estudiantes secundarios7 y universitarios participantes del proyecto que aumentan su autoestima académica y motivación escolar. (N° estudiantes participantes de proyecto queaumentan autoestima académica y motivación escolar/ N° total de Estudiantes participantes del proyecto)*100 ,20%,Informe Anual de Resultados en relación a cuestionarios realizados. Emite:DVcM,,,,,"Codiseñar e instalar un Ensamble Institucional que permita la ejecución de actividades de extensión artístico -musicales, que vinculan el quehacer institucional con el territorio.",,Número de establecimientos que participan en la iniciativa.,2,Carta Compromiso Establecimientos Educacionales Emite: DVcM,,Porcentaje Nivel de Alta Satisfacción de los beneficiarios participantes del proyecto. (N° beneficiarios participantes del proyecto que declaran nivel de alta satisfacción / N° total de beneficiarios participantes del proyecto)x100,30%,Informe Anual que detalla Resultados Encuesta de Satisfacción. Emite: DVcM,,,,,,,,,,N° de conciertos realizados en el semestre del año t,2,,,,,,,,,,,,,,,,,,,,,,,,,,,,,,,,,,,,,,,,,,,,,,,,,,,,,,,,,,,,,,,,,,,,,,,,,,,,,,,,,,,,,,,,,,,,,,,,,,,,,,,,,,,,,,,,,,,,,,,,,,,,,,,,,,,,,,,,,,,,,,,,,,,,,,
DVCM,DVCM-5,RED21991,DVCM,"Fortalecimiento del valor público de las Universidades del Estado para contribuir al mejoramiento de la calidad de vida en los territorios, a través de nuevas formas de relacionamiento de la vinculación con el medio en cooperación con el ecosistema público regional.","Fortalecer la Red de Vinculación con el Medio del Consorcio de Universidades del Estado de Chile y sus instituciones integrantes para la generación de vínculos de mutuo beneficio con los respectivos ecosistemas públicos regionales (Gobiernos Regionales, Gobiernos Locales, Servicios Públicos y organizaciones de la sociedad civil).",Desarrollo,"$17,811,000","Desarrollar un modelo de relacionamiento que permita facilitar la cooperación de las Universidades Estatales con la institucionalidad del EPR (Gobiernos Regionales, Gobiernos Locales, Servicios Públicos y organizaciones de la sociedad civil) por medio de la implementación de 15 Estrategias de Relacionamiento y sus respectivas Cartera de Proyectos locales y regionales.",N° de actores clave articulados a través del modelo de relacionamiento con institucionalidad del EPR.,Sumatoria de actores clave articulados a través del modelo de relacionamiento con institucionalidad del EPR.,2,Cartas de compromiso de los actores clave - Red de VcM CUECH Reportadas por la Coordinación Ejecutiva.,,,,,,,,,"Potenciar competencias y capacidades en las Universidades Estatales para el fortalecimiento del EPR (Gobiernos Regionales, Gobiernos Locales, Servicios Públicos y organizaciones de la sociedad civil) para la co-creación de soluciones a desafíos territoriales.",,,,,,,,,,,,,,,,,,,,,"Diseñar mecanismos de monitoreo, análisis, evaluación de las contribuciones internas y externas de la relación entre las Universidades Estatales, el EPR y las organizaciones de la sociedad civil en base a las experiencias de VcM desarrolladas durante el periodo de implementación del proyecto y en consideración de leyes de Educación Superior y Universidades Estatales y Criterios y Estándares CNA 2023.",Número de reportes de iniciativas (según lo definido en manual de procedimientos de registro y sistematización) en el repositorio online que contribuyan al EPR desde la Redde VcM-CUECH.,"Sumatorio de registros de información de las iniciativas en el repositorio online que contribuyan al EPR desde la Red de VcMCUECH, sobre línea base.",1,Informe de registro de información de las iniciativas en el repositorio online de iniciativas que contribuyan al EPR desde la Red de VcM-CUECH informado por la Coordinación Ejecutiva.,,,,,,,,,,,,,,,,,,,,,,,,,,,,,,,,,,,,,,,,,,,,,,,,,,,,,,,,,,,,,,,,,,,"Modelo Conceptual de Relacionamiento de las UE con EPR (Gobiernos Regionales, Gobiernos Locales, Servicios Públicos y organizaciones de la sociedad civil) publicado.",,dic-22,Marco de Referencia de la Red de Vinculación con el Medio del CUECH que incorpora caja de herramientas para la gestión de VcM actualizado.,,jun-22,Levantamiento de diagnóstico y brechas para la VcM en las 18 UE y su relación con el EPR realizado,,dic-22,Diplomado en gestión de la VcM y el EPR diseñado y validado,,dic-22,Cursos en gestión de la VcM y el EPR destinado a académicos y profesionales de las UE y actores estratégicos del EPRdiseñados yvalidados.,,dic-22,Plan de marketing digital considerando todas las herramientas (página web y rrss) que permitan visibilizar las iniciativas más relevantes que las Universidades del CUECH y su Modelo de Relacionamiento con los EPR implementado,,jun-22,Plan Comunicacional de iniciativas y resultados relevantes de las 18 Universidades del Estado que contribuyan a los ecosistemas públicos regionales implementado.,,dic-22,,,,,,,,,,,,,,,,,,,Informes semestrales de implementación de Plan Comunicacional con clipping de prensa informado por Coordinación Ejecutiva de proyecto.,,,,,Informe de implementación de Plan de marketing digital validado por la Red de VcM del CUECH e informado por Coordinación Ejecutiva de proyecto.,,,,,Diseño de programa de Diplomado validado por el Plenario de la Red de VcM del CUECH.,,,,,"Informe de diagnóstico, brechas y líneas base de las 18 UE informadas por Coordinación Ejecutiva de proyecto.",,,,,Nueva versión de Marco de Referencia de la Red de Vinculación con el Medio del CUECH validado por la Red de VcM del CUECH publicado.,,,,,Publicación en web del proyecto de primera versión del Modelo Conceptual de relacionamiento de las universidades del Estado con ecosistemas públicos regionales.,,,,,,,,,,,,,,,,,,,,,,,,,,,,,,,,,,
REC,REC-1,RED21996,EG,"Plan piloto para potenciar la formación y participación de mujeres científicas áreas STEM en el desarrollo regional y en innovación tecnológica en la macrozona sur austral (Araucanía, Los Lagos, Aysén y Magallanes).","Elaborar una propuesta universitaria (plan piloto) que permita potenciar la participación de mujeres en áreas STEM y su vinculación al desarrollo regional e innovación tecnológica en la macrozona sur austral, a través del diseño e implementación de un modelo de articulación que relacione los procesos de acceso, formación, investigación, desarrollo académico e inserción laboral con pertinencia territorial que contribuya a I+D+i+e.",Desarrollo,"$68,221,000",Impulsar la carrera académica de mujeres de las áreas STEM para mejorar su posicionamiento docente y de investigación hacia la disminución de las brechas de participación en la generación de conocimiento y su contribución al sistema I+D+i+e a nivel territorial.,Porcentaje de incremento de movilidad en jerarquía académica de mujeres de áreas STEM.,(Jerarquía M año t – Jerarquía M año t-1)/ Jerarquía M año t-1 )*100,5%,(Jerarquía M año t – Jerarquía M año t-1)/ Jerarquía M año t-1 )*100,Porcentaje de académicas vinculadas al proyecto,N° académicas STEM vinculadas proyecto/Total académicas STEM,20%,Informe anual de compromiso de participación y vinculación al proyecto (Coordinación institucional proyecto),,,,,Diseñar e implementar un plan de acción que articule las vocaciones de mujeres a áreas STEM con las trayectorias formativas en pregrado y postgrado,Porcentaje de incremento en la matrícula de mujeres en carreras y postgrados STEM,(Matrículas año t – Matrículas año t-1)/ (Matrículas año t-1(*100,37%,Informe anual de indicadores de matrícula,Estudiantes STEM en programa mentoring,N° total de estudiantes mentoring/total de mujeres estudiantes STEM,10%,Informe anual de participación en programa de mentoring,,,,,,,,,,,,,"Fortalecer la investigación de mujeres, y su inserción en las áreas STEM vinculadas al sistema de innovación y desarrollo regional.",Porcentaje de empleabilidad de egresadas en sector productivo I+D+i+e,Nº total egresadas STEM/contratadas en sector productivo I+D+i+e*100,10%,Informe de empleabilidad I+D+i+e,Porcentaje de incremento en presentación de proyectos de investigación STEM dirigidos por mujeres,(Proyectos M año t – Proyectos M año t-1)/( Proyectos M año t-1 )*100,34%,Informe de indicadores de investigación,,,,,,,,,,,,,,,,,,,,,,,,,,,,,,,,,,,,,,,,,,,,,,,,,,,,,,,,,,,,,,,Equipos de trabajo de universidades instalados.,,jun-22,"Mesas de trabajo con actores externos en las áreas de educación, sector productivo y desarrollo regional conformadas",,dic-22,Red de académicas STEM de las Universidades participantes del Proyecto formalizada,,dic-22,,,,,,,,,,,,,,,,,,,,,,,,,,,,,,,Acta de constitución de la red de académicas STEM formalizada y decretada por Vicerrectoría/ Dirección Investigación de Universidades de la RED. Universidad responsable ULAGOS,,,,,"Decretos de conformación de las mesas de trabajo intersectorial, emitido por Direcciones/Vicerrectorías de Vinculación con el medio de Universidades de la RED. Responsable UMAG",,,,,Plan de Trabajo del Equipo de cada Universidad validado por Directorio del proyecto. Emitido por cada universidad.,,,,,,,,,,,,,,,,,,,,,,,,,,,,,,,,,,,,,,,,,,,,,,,,,
